,Median,Mean,Std,Median,Mean,Std,Median,Mean,Std,Median,Mean,Std,Median,Mean,Std,Median,Mean,Std,Median,Mean,Std,Median,Mean,Std,Median,Mean,Std,Median,Mean,Std,Median,Mean,Std,Median,Mean,Std,Median,Mean,Std,Median,Mean,Std,Median,Mean,Std,Median,Mean,Std,Median,Mean,Std,Median,Mean,Std,Median,Mean,Std,Median,Mean,Std,Median,Mean,Std,Median,Mean,Std,Median,Mean,Std,Median,Mean,Std,Median,Mean,Std,Median,Mean,Std,Median,Mean,Std,Median,Mean,Std,Median,Mean,Std,Median,Mean,Std,Median,Mean,Std,Median,Mean,Std,Median,Mean,Std,Median,Mean,Std,Median,Mean,Std,Median,Mean,Std,Median,Mean,Std,Median,Mean,Std,Median,Mean,Std,Median,Mean,Std,Median,Mean,Std,Median,Mean,Std,Median,Mean,Std,Median,Mean,Std,Median,Mean,Std,Median,Mean,Std,Median,Mean,Std,Median,Mean,Std,Median,Mean,Std,Median,Mean,Std,Median,Mean,Std,Median,Mean,Std,Median,Mean,Std,Median,Mean,Std,Median,Mean,Std,Median,Mean,Std,Median,Mean,Std,Median,Mean,Std,Median,Mean,Std,Median,Mean,Std,Median,Mean,Std,Median,Mean,Std,Median,Mean,Std,Median,Mean,Std,Median,Mean,Std,Median,Mean,Std,Median,Mean,Std,Median,Mean,Std,Median,Mean,Std,Median,Mean,Std,Median,Mean,Std,Median,Mean,Std,Median,Mean,Std,Median,Mean,Std
,birth_year,birth_year,birth_year,games,games,games,games_starts,games_starts,games_starts,minutes,minutes,minutes,goals,goals,goals,assists,assists,assists,cards_yellow,cards_yellow,cards_yellow,cards_red,cards_red,cards_red,xg,xg,xg,xg_assist,xg_assist,xg_assist,progressive_carries_x,progressive_carries_x,progressive_carries_x,progressive_passes_x,progressive_passes_x,progressive_passes_x,progressive_passes_received_x,progressive_passes_received_x,progressive_passes_received_x,goals_per90,goals_per90,goals_per90,assists_per90,assists_per90,assists_per90,xg_per90,xg_per90,xg_per90,xg_assist_per90,xg_assist_per90,xg_assist_per90,gk_goals_against_per90,gk_goals_against_per90,gk_goals_against_per90,gk_save_pct,gk_save_pct,gk_save_pct,gk_clean_sheets_pct,gk_clean_sheets_pct,gk_clean_sheets_pct,gk_pens_save_pct,gk_pens_save_pct,gk_pens_save_pct,shots_on_target_pct,shots_on_target_pct,shots_on_target_pct,shots_on_target_per90,shots_on_target_per90,shots_on_target_per90,goals_per_shot,goals_per_shot,goals_per_shot,average_shot_distance,average_shot_distance,average_shot_distance,passes_completed,passes_completed,passes_completed,passes_pct,passes_pct,passes_pct,passes_total_distance,passes_total_distance,passes_total_distance,passes_pct_short,passes_pct_short,passes_pct_short,passes_pct_medium,passes_pct_medium,passes_pct_medium,passes_pct_long,passes_pct_long,passes_pct_long,assisted_shots,assisted_shots,assisted_shots,passes_into_final_third,passes_into_final_third,passes_into_final_third,passes_into_penalty_area,passes_into_penalty_area,passes_into_penalty_area,crosses_into_penalty_area,crosses_into_penalty_area,crosses_into_penalty_area,progressive_passes_y,progressive_passes_y,progressive_passes_y,sca,sca,sca,sca_per90,sca_per90,sca_per90,gca,gca,gca,gca_per90,gca_per90,gca_per90,tackles,tackles,tackles,tackles_won,tackles_won,tackles_won,challenges,challenges,challenges,challenges_lost,challenges_lost,challenges_lost,blocks,blocks,blocks,blocked_shots,blocked_shots,blocked_shots,blocked_passes,blocked_passes,blocked_passes,interceptions,interceptions,interceptions,touches,touches,touches,touches_def_pen_area,touches_def_pen_area,touches_def_pen_area,touches_def_3rd,touches_def_3rd,touches_def_3rd,touches_mid_3rd,touches_mid_3rd,touches_mid_3rd,touches_att_3rd,touches_att_3rd,touches_att_3rd,touches_att_pen_area,touches_att_pen_area,touches_att_pen_area,take_ons,take_ons,take_ons,take_ons_won,take_ons_won,take_ons_won,take_ons_tackled,take_ons_tackled,take_ons_tackled,carries,carries,carries,carries_progressive_distance,carries_progressive_distance,carries_progressive_distance,progressive_carries_y,progressive_carries_y,progressive_carries_y,carries_into_final_third,carries_into_final_third,carries_into_final_third,carries_into_penalty_area,carries_into_penalty_area,carries_into_penalty_area,miscontrols,miscontrols,miscontrols,dispossessed,dispossessed,dispossessed,passes_received,passes_received,passes_received,progressive_passes_received_y,progressive_passes_received_y,progressive_passes_received_y,fouls,fouls,fouls,fouled,fouled,fouled,offsides,offsides,offsides,crosses,crosses,crosses,ball_recoveries,ball_recoveries,ball_recoveries,aerials_won,aerials_won,aerials_won,aerials_lost,aerials_lost,aerials_lost,aerials_won_pct,aerials_won_pct,aerials_won_pct
all,27.0,27.004008016032063,4.240271640150538,22.0,20.723446893787575,10.026654804517866,14.0,15.202404809619239,10.874840820902936,0.0,198.93386773547095,292.2276263079534,1.0,1.9799599198396793,3.488305073749568,1.0,1.470941883767535,2.2063838818222723,2.0,2.917835671342685,2.6096943390410674,0.0,0.09018036072144289,0.30701923519249225,0.8,1.9961923847695393,3.0572787482399906,0.8,1.4789579158316633,1.8620006180015671,14.0,25.82364729458918,30.63034170976346,37.0,50.93587174348698,49.942013522185746,24.0,50.27254509018036,63.77169579424216,0.03,0.11881763527054108,0.18371338339536816,0.03,0.08835671342685371,0.12405184582192783,0.07,0.1314428857715431,0.15942517930261726,0.07,0.09583166332665331,0.1008411397262249,0.0,0.13935871743486972,0.5105717615319649,0.0,5.61623246492986,18.817998440196796,0.0,2.103206412825651,10.009693581817901,0.0,0.9657314629258517,7.840204284898951,28.6,26.219238476953908,21.253646760585287,0.22,0.39707414829659315,0.46807974867269786,0.03,0.06949899799599199,0.09790757412622951,15.7,14.812024048096195,7.2392820451714,446.0,548.0841683366733,461.3527918241695,80.0,79.15290581162326,8.411658013452962,7050.0,9422.557114228457,8344.519434010734,89.8,88.73847695390783,6.832831979230538,85.7,83.96713426853708,10.276473404165168,53.7,53.64929859719439,16.82171617431512,8.0,13.492985971943888,15.31403046287538,27.0,42.831663326653306,44.98142989702754,6.0,11.492985971943888,14.348413108659459,1.0,2.741482965931864,4.307379327607218,37.0,50.93587174348698,49.942013522185746,21.0,31.56312625250501,32.12778081734063,1.8,2.0655711422845693,1.4291338350633889,2.0,3.43687374749499,4.200488000681308,0.16,0.21078156312625249,0.22232070611219826,17.0,24.35671342685371,22.61847456364787,10.0,14.557114228456914,13.873722108705229,16.0,22.18436873747495,20.33647869260467,8.0,10.897795591182364,10.359771940004094,11.0,15.062124248496994,13.70010656807089,2.0,5.102204408817635,7.29000354988459,8.0,9.959919839679358,9.344499745602729,7.0,11.05811623246493,11.71407304432014,724.0,828.1442885771543,625.7103908320731,31.0,93.52104208416834,174.93485034600323,154.0,274.14028056112227,307.243144365762,271.0,352.39078156312627,316.31870588055676,133.0,209.77755511022045,209.92413196667582,20.0,34.142284569138276,40.91844415271306,13.0,25.180360721442884,31.19506472702748,6.0,10.92184368737475,13.969124869011637,6.0,11.258517034068136,14.43303685356884,392.0,464.76352705410824,361.10648813817613,1012.0,1290.5230460921844,1100.922096617751,14.0,25.82364729458918,30.63034170976346,12.0,17.382765531062123,18.306619371648274,2.0,8.02805611222445,14.183083368726091,12.0,18.77555110220441,19.431108960340072,7.0,13.050100200400802,14.769973033272414,480.0,542.4448897795592,423.19120222839217,24.0,50.27254509018036,63.77169579424216,12.0,15.286573146292586,13.819113999351355,10.0,14.82565130260521,14.696380429123472,1.0,2.3486973947895793,3.9355568522845,9.0,24.2625250501002,35.76677602897556,44.0,57.498997995991985,46.522584865938285,10.0,17.917835671342687,21.1797447784569,12.0,17.88577154308617,18.472626496375934,50.0,48.309619238476955,22.756559309829726
West Ham,28.0,28.84,4.938623289946299,20.0,20.92,8.281102986116442,14.0,14.96,10.521723559696229,0.0,231.76,326.61538032778964,0.0,1.44,2.4677925358506134,1.0,0.92,1.469693845669907,2.0,2.88,2.5871477215909673,0.0,0.12,0.33166247903553997,1.2,1.736,2.172724863698424,1.1,1.2279999999999998,1.3752333135387125,11.0,22.36,29.379528019807715,31.0,43.68,40.19091937241546,21.0,43.36,55.68877804369566,0.0,0.0864,0.1314622886356895,0.03,0.0756,0.13943576776901015,0.07,0.1404,0.16154153232734506,0.08,0.10400000000000001,0.10099504938362078,0.0,0.136,0.4707440918375928,0.0,5.507999999999999,19.135828524872743,0.0,1.396,4.836534572053286,0.0,0.0,0.0,27.8,22.42,15.095363526593191,0.23,0.3904000000000001,0.4125376750471808,0.0,0.044000000000000004,0.0632455532033676,15.6,16.3,7.2755870324439575,510.0,519.0,397.9965452111362,79.9,78.616,7.8128462589933685,8497.0,9131.32,7192.993429488635,89.8,88.7,7.048404074682439,85.7,83.22400000000002,10.738997470279367,54.9,52.556,19.151872841404657,9.0,11.96,12.12256848471753,37.0,38.52,32.99004900471252,4.0,9.76,12.173331507849444,1.0,2.56,3.4650637319776196,31.0,43.68,40.19091937241546,18.0,29.48,29.800894841150882,2.37,2.2092,1.4759429754115387,1.0,2.2,3.0686587732536617,0.1,0.1348,0.16763352886579702,17.0,22.52,19.92929167498601,11.0,13.28,11.759818592705132,21.0,18.88,14.748785260714412,7.0,9.04,7.446923302053451,14.0,16.36,13.281817144753449,4.0,6.28,8.228608630868283,9.0,10.08,7.86299349272697,8.0,12.0,14.548768561863463,656.0,806.28,580.7710765295852,33.0,105.92,173.07727561217658,196.0,297.08,306.8339561826016,366.0,343.48,279.11095762557704,116.0,173.56,179.16521239719873,22.0,30.12,38.02337000670333,11.0,28.12,44.0182916524483,6.0,12.36,19.45481945431517,5.0,12.56,21.059597970205097,318.0,411.56,309.89273413016105,714.0,1060.64,918.685604545973,11.0,22.36,29.379528019807715,10.0,14.4,16.36052158907737,2.0,6.36,12.983579372936159,11.0,17.6,19.024107513012712,6.0,14.36,21.959963570097287,455.0,515.2,380.51664440161704,21.0,43.36,55.68877804369566,14.0,15.56,13.623142075160192,11.0,14.56,16.79801575583656,1.0,2.68,4.110150037812894,11.0,21.64,26.617475462560307,43.0,55.52,46.68789993135266,10.0,20.92,26.323183698025588,12.0,19.84,18.469975636150686,50.0,51.284000000000006,16.381282001113345
Southampton,27.0,27.0,4.27617987059879,20.0,18.655172413793103,10.37949854991961,13.0,13.241379310344827,9.840351229263666,0.0,180.75862068965517,245.67147854290724,0.0,0.8275862068965517,1.0713464664764276,0.0,0.5172413793103449,0.8289705171033532,2.0,2.8620689655172415,2.948657538743382,0.0,0.10344827586206896,0.40925259281898757,0.5,1.0724137931034483,1.3879317994062084,0.5,0.8103448275862071,0.9220880139220546,10.0,20.620689655172413,26.910451757506852,24.0,36.44827586206897,39.457559665776664,20.0,35.3448275862069,38.70610496519063,0.0,0.051379310344827595,0.07637894894776003,0.0,0.04310344827586207,0.09721491097694918,0.04,0.07758620689655173,0.08958855046480124,0.03,0.05448275862068966,0.058711534939697926,0.0,0.24931034482758618,0.7482452378469182,0.0,6.979310344827587,20.922380008538102,0.0,0.25517241379310346,1.3741455025101839,0.0,0.9862068965517242,5.310886671863684,25.0,22.317241379310346,22.822671512672866,0.14,0.2158620689655172,0.28653742265414617,0.0,0.0606896551724138,0.09269500812891546,17.0,14.924137931034485,8.28680772469169,257.0,499.7931034482759,481.213523983922,80.2,80.85172413793103,8.160734415902565,4218.0,8476.620689655172,8576.582746116615,90.9,89.59655172413792,7.08189254157696,89.5,85.36206896551724,10.849009625408982,55.2,51.844827586206904,19.551992704561137,5.0,8.827586206896552,9.449372486789198,13.0,32.241379310344826,39.483862139589746,5.0,7.0,7.764387566686396,1.0,1.8620689655172413,2.6011554840525677,24.0,36.44827586206897,39.457559665776664,15.0,20.03448275862069,20.125468510288663,1.37,1.405862068965517,0.8520585042010207,1.0,1.3793103448275863,1.8787114334687767,0.06,0.10758620689655173,0.14027155226340168,13.0,20.413793103448278,19.729450867347865,7.0,11.827586206896552,11.313926202179966,13.0,18.24137931034483,14.49545537749626,10.0,9.379310344827585,7.017395696733369,8.0,13.379310344827585,14.915030274150226,2.0,5.896551724137931,9.135272408113694,5.0,7.482758620689655,8.002770456246354,5.0,9.620689655172415,12.263225493620721,457.0,726.7931034482758,636.2733789872728,42.0,93.65517241379311,170.63940171812374,161.0,265.3448275862069,322.22610471775306,198.0,313.41379310344826,308.40204710750305,131.0,154.3448275862069,149.2857461050712,15.0,21.862068965517242,20.864741513463457,6.0,22.82758620689655,32.38172871666679,4.0,9.620689655172415,13.454722466489093,4.0,10.241379310344827,14.771244198523487,253.0,406.8965517241379,363.2547654615723,599.0,1101.344827586207,1119.5630294214304,10.0,20.620689655172413,26.910451757506852,9.0,15.241379310344827,18.795240986586002,1.0,5.103448275862069,7.5892067512553965,10.0,14.931034482758621,15.028380376766105,5.0,11.137931034482758,13.765184182076984,349.0,494.3448275862069,436.3488345563893,20.0,35.3448275862069,38.70610496519063,12.0,14.758620689655173,13.428794149709455,8.0,13.655172413793103,15.764507744725096,0.0,1.5172413793103448,2.6270663928633997,6.0,17.620689655172413,26.858642920061857,23.0,46.0,44.26059195266146,8.0,14.620689655172415,20.9172071904986,8.0,12.655172413793103,13.743247334259847,54.5,54.45172413793103,22.802124285276193
Everton,26.0,27.782608695652176,5.1430139884483586,23.0,21.47826086956522,10.112411659204612,15.0,16.73913043478261,10.955353159339493,0.0,129.0,241.2019146614795,1.0,1.434782608695652,2.106830600182562,1.0,0.9565217391304348,1.1069310921135729,3.0,3.260869565217391,2.240482726077084,0.0,0.08695652173913043,0.28810406552003043,1.1,1.6260869565217393,2.0041360394998473,0.8,1.2434782608695654,1.11592851145929,12.0,19.434782608695652,20.47354409732566,37.0,41.608695652173914,35.7564223480263,24.0,40.73913043478261,40.92922648948632,0.03,0.08956521739130432,0.12924530098261586,0.03,0.07217391304347825,0.09811665236011535,0.05,0.10652173913043479,0.1227195137351163,0.05,0.07695652173913045,0.07002822694578209,0.0,0.05347826086956522,0.256472729290202,0.0,3.0913043478260867,14.82537483945802,0.0,1.2434782608695654,5.96351224203234,0.0,4.3478260869565215,20.851441405707472,31.6,29.721739130434777,23.988405466765496,0.19,0.34695652173913044,0.37926285898507595,0.04,0.07391304347826087,0.10347327851957207,16.8,15.769565217391307,7.11416223794665,420.0,453.39130434782606,345.2039896443886,73.9,73.8521739130435,8.463927176028085,6998.0,8560.91304347826,7831.581164589268,86.2,84.88695652173912,7.653715933383782,83.1,78.98260869565217,13.35748520744806,55.3,56.42173913043479,15.486415059121953,8.0,11.782608695652174,9.908474434172408,35.0,40.17391304347826,35.10329196413589,8.0,10.391304347826088,10.232475619919795,1.0,3.652173913043478,5.296728798832298,37.0,41.608695652173914,35.7564223480263,25.0,28.130434782608695,19.87758982057681,1.72,1.7991304347826087,1.1270634129271047,2.0,2.4347826086956523,2.106830600182562,0.1,0.17217391304347826,0.17451117499354718,24.0,29.73913043478261,28.108907341566283,13.0,17.47826086956522,16.88966753862306,23.0,26.304347826086957,22.50138335668336,8.0,12.652173913043478,11.436022415842501,11.0,15.695652173913043,14.366738045058662,3.0,5.608695652173913,9.252710317595806,7.0,10.08695652173913,8.617703994358784,9.0,13.304347826086957,13.02596980374449,688.0,775.0434782608696,524.2985338232122,31.0,97.43478260869566,213.71430081195197,144.0,277.04347826086956,356.65637629374885,298.0,314.0869565217391,239.23037832399856,157.0,192.2173913043478,147.10044698088544,18.0,28.782608695652176,26.198467203148862,16.0,26.0,29.672454321382745,8.0,11.521739130434783,13.200790490164495,8.0,12.521739130434783,15.081203126641974,356.0,379.82608695652175,253.8481385993518,743.0,1010.1739130434783,826.7089546219842,12.0,19.434782608695652,20.47354409732566,10.0,14.565217391304348,11.71566972033812,2.0,4.869565217391305,7.014947338790784,12.0,20.73913043478261,20.251189395607334,11.0,15.608695652173912,14.339199706446097,428.0,449.04347826086956,285.2605632273875,24.0,40.73913043478261,40.92922648948632,15.0,17.52173913043478,13.796803204225482,14.0,14.956521739130435,12.7367694664969,1.0,3.347826086956522,6.205633039660409,7.0,27.47826086956522,36.37540323452522,51.0,60.95652173913044,47.49686904596934,11.0,24.347826086956523,29.10265326181567,15.0,22.608695652173914,23.494175545972674,50.0,46.247826086956515,21.215021898414285
Manchester City,27.0,27.12,4.969238707622459,23.0,19.88,8.973665174646682,17.0,15.36,8.625929901562305,0.0,239.12,342.9982167106218,1.0,2.64,4.414748010928823,0.0,1.92,2.5645012510557814,2.0,2.32,1.7492855684535902,0.0,0.04,0.2,1.3,2.5200000000000005,4.175424130153328,1.5,2.028,2.249355463238303,35.0,41.64,45.442161040161814,64.0,70.28,60.42179518462964,26.0,69.6,78.21764506810467,0.06,0.1784,0.24563998045920782,0.0,0.10200000000000001,0.1414213562373095,0.07,0.16080000000000003,0.2177904191342371,0.07,0.1164,0.12195900950729306,0.0,0.10280000000000002,0.35978604753380866,0.0,5.46,18.897707091955184,0.0,2.392,8.398904690493872,0.0,0.0,0.0,29.7,27.676,22.39051659371291,0.33,0.46360000000000007,0.5136704520734411,0.08,0.1168,0.20155065533673333,16.3,14.984000000000002,7.237787415133624,676.0,793.52,591.8990707882552,87.7,86.50400000000002,6.95680003066544,10078.0,12871.28,9746.228939612149,94.4,92.12800000000001,6.126072695182999,91.9,89.516,7.833990043394235,64.3,59.776,12.40884362057964,9.0,17.24,16.845573107891976,42.0,62.0,64.94548996402034,11.0,15.88,16.20267467632016,1.0,2.32,3.1717503054307414,64.0,70.28,60.42179518462964,33.0,39.76,33.9353306550366,2.08,2.3836,1.746314881877454,3.0,4.64,4.55411901469428,0.26,0.2756,0.2381015189647755,15.0,18.44,17.05891751157343,7.0,11.2,10.88959748261309,13.0,16.88,15.738276059763768,6.0,8.84,8.547319267856247,11.0,12.44,9.600694419328914,1.0,3.28,4.817675788178362,9.0,9.16,7.098591409568521,5.0,8.2,8.582928793055823,892.0,1033.8,699.0405925266429,39.0,78.52,139.2913971978648,197.0,241.56,242.91049105929258,331.0,447.28,395.86745677478126,324.0,353.4,278.85524918853514,22.0,48.52,51.759958784115476,21.0,29.68,41.02206723216176,9.0,14.04,21.693854736614547,9.0,11.28,13.227244611029162,590.0,664.68,466.34525121773606,1714.0,2051.96,1583.7090294621673,35.0,41.64,45.442161040161814,23.0,31.16,27.549470654321716,3.0,14.48,23.36863995471994,14.0,17.4,15.124483462254174,13.0,14.88,14.50953709346603,630.0,783.04,543.7994023534781,26.0,69.6,78.21764506810467,11.0,10.64,8.18474190185616,12.0,13.88,11.47214016650773,0.0,1.68,2.4617067250182343,8.0,23.6,32.247738938825876,46.0,53.0,35.29046141192641,5.0,11.12,13.488637193331776,8.0,11.96,11.11860302975753,47.3,45.18,20.939854345243187
Leicester City,27.0,27.384615384615383,4.364189941576082,21.5,20.23076923076923,9.717232907809475,15.0,14.807692307692308,9.968025805621616,0.0,223.23076923076923,329.2035610612142,0.0,1.1153846153846154,2.006527808467614,0.0,0.8461538461538461,1.189699380257305,2.0,3.1153846153846154,2.643133338701218,0.0,0.0,0.0,0.4,1.1846153846153844,2.171578652997364,0.4,0.9192307692307693,1.1405329388559475,15.0,21.03846153846154,22.97560579263279,30.5,38.84615384615385,34.95905297080264,20.0,38.26923076923077,40.63944654377831,0.0,0.06115384615384616,0.09778862604932838,0.0,0.056538461538461544,0.08574111301784262,0.045,0.0676923076923077,0.08585139217544197,0.025,0.06692307692307692,0.08132744829486444,0.0,0.3038461538461539,0.9234677121505741,0.0,6.376923076923077,18.396354153849238,0.0,0.6923076923076923,2.868577776797844,0.0,0.9615384615384616,4.9029033784546,27.75,28.97307692307692,24.52862095907241,0.21500000000000002,0.27499999999999997,0.2729725260900811,0.0,0.0476923076923077,0.06947273953473794,16.3,15.069230769230767,8.44614796132624,424.0,499.6923076923077,371.7056651955436,77.69999999999999,78.11153846153846,8.394823496563912,6483.0,8378.461538461539,6446.121694357123,89.05,88.78076923076924,6.981175788118746,83.0,84.38846153846154,9.071375945161877,53.2,55.057692307692314,17.751646077520203,6.5,9.038461538461538,9.331584085162687,24.5,34.80769230769231,31.72004947129715,5.5,7.6923076923076925,8.446392038115354,1.0,2.4615384615384617,4.0122888154345935,30.5,38.84615384615385,34.95905297080264,15.5,20.884615384615383,18.817708517408644,1.325,1.3634615384615383,0.9827876365021786,1.0,1.9230769230769231,2.365131318520423,0.10500000000000001,0.12423076923076923,0.1428054082147613,21.5,25.846153846153847,22.301017569056903,12.0,15.076923076923077,13.531956479158737,18.5,24.653846153846153,21.708878013738634,10.0,12.807692307692308,11.86598240608583,16.5,17.73076923076923,14.001593315927133,4.0,6.769230769230769,8.199061860031023,9.0,10.961538461538462,8.655545132368125,9.5,11.76923076923077,11.907334520564012,756.0,776.4230769230769,523.4231307901417,34.0,101.46153846153847,167.5229490593407,149.0,284.0769230769231,284.71149229729707,325.5,353.61538461538464,278.4136601423252,104.0,146.15384615384616,134.96449675605575,15.5,22.423076923076923,24.625471490995785,11.5,22.884615384615383,27.055981849604976,4.5,9.346153846153847,11.239011727700289,8.0,11.0,13.725887949418793,445.0,440.88461538461536,286.6084893261994,1080.5,1097.0384615384614,748.8048333588256,15.0,21.03846153846154,22.97560579263279,8.0,13.192307692307692,12.441926637845862,2.5,5.038461538461538,6.276819380742251,13.0,17.26923076923077,15.759588046158292,9.0,11.615384615384615,13.050906246163668,478.5,495.2692307692308,329.8464561206996,20.0,38.26923076923077,40.63944654377831,13.5,14.461538461538462,10.882024698486102,12.0,13.461538461538462,11.903716291077403,1.0,2.269230769230769,4.911681523125801,9.5,22.615384615384617,27.965803293418087,42.0,53.0,37.728503813429974,12.0,17.923076923076923,16.96566668757365,15.5,20.03846153846154,17.86276746583411,49.5,45.42307692307692,23.187225926225977
Bournemouth,26.0,26.458333333333332,3.764585162972856,25.5,21.416666666666668,10.701144459992268,17.0,16.041666666666668,11.81921488846489,0.0,162.33333333333334,246.32139956580704,0.5,2.25,3.5416773230871224,1.0,1.625,2.0390215044604543,3.0,3.7083333333333335,3.113493308120341,0.0,0.08333333333333333,0.28232985128663995,1.0,2.5708333333333333,3.541122294054425,1.05,1.7333333333333334,1.8698213508402268,17.0,28.666666666666668,34.400033704061684,41.5,56.375,51.94044457461541,26.5,55.375,70.92053881695314,0.015,0.12958333333333333,0.17826407296520777,0.04,0.09624999999999999,0.11385774877680367,0.08,0.17333333333333334,0.20129292232890392,0.09,0.12291666666666666,0.14766234004195744,0.0,0.13541666666666666,0.36845127300595687,0.0,10.0,27.06057616919299,0.0,1.875,6.395055834817612,0.0,0.0,0.0,26.8,20.849999999999998,17.898846210082198,0.14,0.5158333333333333,0.6447575659428743,0.03,0.049999999999999996,0.05633749234282851,14.7,13.170833333333334,7.212578334540572,401.5,485.8333333333333,410.4131181337067,74.75,74.15833333333335,6.5273282813685425,6406.5,8803.75,7905.731109110986,88.0,86.72499999999998,6.958338757265959,80.55,81.67083333333333,10.56711384094712,48.3,47.09583333333333,17.62366193913534,11.0,17.041666666666668,16.596173384683976,29.0,46.541666666666664,47.392880740967165,6.5,12.666666666666666,13.8302336321134,2.0,3.875,5.471765472980759,41.5,56.375,51.94044457461541,28.0,39.166666666666664,36.41746674410469,2.285,2.5520833333333335,1.829697003109642,2.0,3.7916666666666665,4.1804843350217595,0.20500000000000002,0.21875,0.2076224102003233,21.0,26.875,23.522999845664465,10.0,15.541666666666666,14.479308074588392,23.0,24.583333333333332,21.43933132204062,13.0,13.0,10.834726777719228,15.5,18.166666666666668,16.643752363984003,2.5,5.541666666666667,7.1686465077881465,8.0,12.625,12.569156521110472,9.5,13.833333333333334,15.521840619974295,745.0,820.0,633.0969429166711,41.5,86.58333333333333,151.16990632963342,136.5,247.375,278.5641464647814,280.5,352.375,322.71805065318443,132.0,230.375,237.4421325383257,18.5,37.875,47.712283078068474,15.5,26.041666666666668,32.182197572255845,5.5,11.125,15.69356694567111,7.0,11.75,14.059655509416945,394.0,440.9583333333333,345.6334423189912,1001.5,1384.8333333333333,1302.3772133284203,17.0,28.666666666666668,34.400033704061684,16.0,20.208333333333332,20.436495842458918,1.0,8.708333333333334,15.785186139202645,17.5,22.583333333333332,21.625099480377703,7.0,13.5,17.08800749063506,396.5,480.5416666666667,374.2871461239661,26.5,55.375,70.92053881695314,15.5,19.666666666666668,18.081137581244274,10.0,15.041666666666666,13.870453949082677,0.0,2.625,4.994018160890522,10.0,31.666666666666668,40.95349076448919,55.5,70.45833333333333,57.60357715844803,17.0,22.208333333333332,21.358185818305714,19.5,23.583333333333332,21.124715931543456,45.95,46.0,22.579906419492605
Brighton,25.0,26.142857142857142,5.169098250137709,20.0,18.964285714285715,9.758119668814247,9.0,13.357142857142858,9.866570141097986,133.0,253.92857142857142,314.02275555330544,1.0,1.9285714285714286,2.9555794246559732,1.0,1.2857142857142858,1.5836465855538944,2.0,2.607142857142857,2.543536262681686,0.0,0.10714285714285714,0.314970394174356,0.75,1.8821428571428576,2.6435180783735586,0.9500000000000001,1.292857142857143,1.396537668778562,16.5,25.857142857142858,29.882131767024237,38.5,48.92857142857143,49.26416214610446,26.5,48.642857142857146,62.019240912689696,0.045,0.12249999999999998,0.14913640288898838,0.035,0.09035714285714283,0.12638806034963035,0.09,0.12964285714285714,0.11955107827811641,0.09,0.10178571428571427,0.07635460991339328,0.0,0.07821428571428571,0.3296918153695859,0.0,4.939285714285715,18.205398859103518,0.0,2.457142857142857,9.971048036279784,0.0,0.0,0.0,28.3,28.328571428571426,22.471823627441925,0.31,0.45607142857142857,0.649925005848762,0.05,0.07464285714285715,0.0880017736713992,16.1,16.303571428571427,5.94764081102173,333.0,506.0357142857143,475.94463435734303,80.7,79.44642857142857,8.259965121568237,4728.0,8611.857142857143,9051.475900583064,90.9,89.52142857142857,6.168219452721444,82.1,81.33928571428571,10.68489204388224,53.0,54.33214285714287,15.784287864399944,9.0,11.714285714285714,9.988353005736018,21.5,37.92857142857143,47.64446147239686,7.5,10.785714285714286,10.386448232110286,1.0,2.8214285714285716,3.77176225075103,38.5,48.92857142857143,49.26416214610446,23.5,29.607142857142858,23.477868673717328,2.8099999999999996,2.5025000000000004,1.2330829325388128,3.0,3.4642857142857144,2.9247620081355,0.29,0.29964285714285716,0.27560683406644143,16.5,22.107142857142858,19.23796263509227,10.0,13.464285714285714,11.714132467703251,17.5,22.464285714285715,18.4942075873965,9.0,11.607142857142858,9.121968946467504,12.0,14.0,12.058499384558901,2.0,3.892857142857143,5.328743064316635,9.0,10.107142857142858,9.753780978996986,8.5,10.0,9.564595207403263,630.0,757.3928571428571,610.2353728828414,22.5,83.03571428571429,190.60089816407574,118.0,241.46428571428572,318.66544422625327,227.0,328.7857142857143,319.4130446955683,147.0,195.60714285714286,177.30833977705998,17.0,34.0,41.84096875870188,12.0,26.214285714285715,31.645439836315475,5.0,10.857142857142858,12.903385389011461,6.0,12.857142857142858,16.985209874986957,367.5,445.2857142857143,381.5798404045667,1026.0,1340.142857142857,1411.6984966708171,16.5,25.857142857142858,29.882131767024237,15.5,18.321428571428573,18.44120501290635,2.5,8.285714285714286,14.771988363508827,10.0,18.357142857142858,18.911517724537674,7.0,11.142857142857142,12.026865869606373,408.0,500.2857142857143,419.44556501479667,26.5,48.642857142857146,62.019240912689696,10.5,14.071428571428571,12.250256449102732,8.0,13.357142857142858,14.502143610934533,1.0,1.4285714285714286,1.7935805576921315,10.0,22.178571428571427,27.224789318544847,39.0,52.107142857142854,43.578230451822726,11.5,16.714285714285715,17.755243655007305,10.5,15.0,14.404217489384195,51.9,48.378571428571426,21.6803607517966
Crystal Palace,27.0,27.130434782608695,3.251633824655579,25.0,21.434782608695652,11.676807187196188,15.0,16.26086956521739,12.828297525053912,0.0,120.91304347826087,225.54276213039319,0.0,1.6956521739130435,3.2534566597934194,0.0,1.391304347826087,2.0391426548425735,2.0,3.217391304347826,3.2186462673717973,0.0,0.17391304347826086,0.3875533878815898,1.0,2.2304347826086954,3.263355047494511,0.8,1.7173913043478262,2.0796966942131125,11.0,19.391304347826086,21.62645503341343,34.0,44.91304347826087,38.53441560178059,10.0,44.04347826086956,61.44656086305589,0.0,0.0782608695652174,0.12893452086984603,0.0,0.056521739130434796,0.07952179207625898,0.07,0.12913043478260872,0.13826565482558503,0.09,0.09217391304347826,0.07704523592959296,0.0,0.06,0.28774989139876317,0.0,2.9086956521739133,13.949614300418302,0.0,1.2782608695652173,6.130323773277999,0.0,2.1739130434782608,10.425720702853736,33.3,31.85217391304348,23.561175105075208,0.34,0.4969565217391305,0.4698784638084492,0.0,0.05652173913043478,0.08364474094494545,17.7,17.66086956521739,6.799848870675849,438.0,466.2173913043478,385.76004747673005,75.6,74.68260869565218,7.036570198477577,6831.0,8387.695652173914,7420.173346632217,85.3,84.7391304347826,6.282062424108444,82.7,80.68695652173913,10.455329408654626,46.7,50.04347826086956,17.871989920414986,6.0,14.26086956521739,15.685017145220142,26.0,35.26086956521739,31.316881000079213,4.0,10.521739130434783,11.839339528635385,1.0,2.5652173913043477,3.9637687181006016,34.0,44.91304347826087,38.53441560178059,26.0,33.17391304347826,33.85081196006576,1.93,2.0491304347826085,1.5153604822959938,3.0,3.217391304347826,3.3160288645954275,0.13,0.16,0.16790148626771917,20.0,30.043478260869566,29.116503069361578,12.0,17.608695652173914,18.011963525377396,23.0,25.73913043478261,21.81996040181464,13.0,12.91304347826087,10.103613410684773,16.0,18.695652173913043,17.882024449680532,2.0,5.391304347826087,6.672461249826393,10.0,13.304347826086957,12.875045569588185,10.0,12.565217391304348,13.901687559287447,804.0,793.9565217391304,617.2180606457914,24.0,99.17391304347827,204.67705208980786,172.0,298.0869565217391,350.7057706246179,327.0,331.30434782608694,267.23762575019407,80.0,172.1304347826087,178.12873392522155,14.0,29.73913043478261,34.47689264539677,10.0,18.565217391304348,27.849965051318897,4.0,8.043478260869565,13.001672133263074,3.0,8.652173913043478,13.44892255113997,403.0,398.6521739130435,310.2193664747067,894.0,977.8260869565217,775.7112075188521,11.0,19.391304347826086,21.62645503341343,9.0,13.73913043478261,13.682162878275788,1.0,4.739130434782608,7.318826230435065,14.0,19.217391304347824,20.311117693920355,7.0,13.173913043478262,14.037780755431017,509.0,462.1304347826087,349.5881088506907,10.0,44.04347826086956,61.44656086305589,11.0,16.217391304347824,15.80838822713818,17.0,15.73913043478261,15.109351081981552,1.0,2.869565217391304,4.77021390625855,7.0,23.26086956521739,30.589982601713302,56.0,65.17391304347827,53.51860523892012,11.0,19.956521739130434,21.312561939914392,17.0,24.956521739130434,24.586541515947605,43.4,43.39565217391304,21.671692434243038
Fulham,29.0,28.90909090909091,3.2646605731696914,27.0,24.5,9.328655290223212,17.5,17.454545454545453,11.496282101814575,0.0,137.45454545454547,253.8073373686515,0.5,2.227272727272727,3.2649920612726087,1.0,1.9090909090909092,2.561790499391112,2.5,3.409090909090909,2.986622409999868,0.0,0.09090909090909091,0.29424494316824984,1.05,2.122727272727273,2.684866196574141,1.0,1.6272727272727274,1.8822938939045366,22.0,32.81818181818182,36.188180606164984,53.0,65.31818181818181,49.51804516069669,39.0,64.18181818181819,71.84085345475945,0.015,0.16136363636363638,0.23915118658139675,0.08499999999999999,0.10272727272727272,0.11695264887090878,0.085,0.1459090909090909,0.15067021985619836,0.085,0.10090909090909092,0.08111773283374346,0.0,0.06090909090909091,0.285688959916518,0.0,3.1045454545454545,14.561608927088196,0.0,0.65,3.04877024388523,0.0,0.0,0.0,29.15,27.922727272727272,19.30511730377607,0.26,0.5236363636363636,0.5700755626986191,0.025,0.06954545454545455,0.09042109281563691,15.350000000000001,15.600000000000005,5.429022537647613,652.0,678.5454545454545,508.4215280812273,81.65,80.42272727272729,7.950437653013754,11199.0,12124.045454545454,9949.947357971645,90.5,88.66363636363639,6.539079988772664,85.25,84.37727272727271,9.081741589751951,58.2,59.15909090909091,12.973807279464088,10.0,16.454545454545453,16.947333749357778,44.5,56.5,48.66185560042065,8.0,13.863636363636363,18.898968111275167,2.5,4.5,7.209451468467658,53.0,65.31818181818181,49.51804516069669,30.5,38.63636363636363,31.625103733382222,2.1950000000000003,2.5418181818181815,1.7431652555696229,3.0,4.136363636363637,4.2683269226495195,0.18,0.22863636363636364,0.1973948292502076,23.5,28.272727272727273,23.005551748554332,12.0,17.227272727272727,14.421979978266037,19.0,23.727272727272727,20.598617193953345,8.5,11.636363636363637,11.244238543934419,14.0,15.454545454545455,11.206831559056896,2.0,4.590909090909091,6.299350615882417,11.0,10.863636363636363,8.049226254121777,8.5,12.727272727272727,13.718884510330723,976.0,1000.6363636363636,689.4235373504547,26.5,109.04545454545455,236.86171920758753,155.5,334.95454545454544,397.40305523698265,388.5,412.1363636363636,324.87701635784543,209.0,264.1363636363636,227.07693167830348,32.0,39.04545454545455,38.11695944592902,18.5,26.818181818181817,27.093552850458835,8.0,11.954545454545455,13.228674744577988,7.0,10.818181818181818,11.697115491543666,533.5,590.0454545454545,418.937258317909,1222.5,1603.3636363636363,1309.0666811731082,22.0,32.81818181818182,36.188180606164984,18.0,23.272727272727273,23.41180373470942,4.5,9.227272727272727,11.156598808315058,14.5,21.227272727272727,18.29892481406078,8.0,11.545454545454545,11.677113442755378,632.5,671.6818181818181,460.80461579653684,39.0,64.18181818181819,71.84085345475945,15.5,17.954545454545453,14.297776293060643,15.5,14.954545454545455,11.004229804628473,1.0,1.8636363636363635,3.211518770590142,15.0,37.90909090909091,51.353962234957464,61.0,67.72727272727273,44.738586539374765,15.0,22.318181818181817,23.04113580954592,19.0,22.272727272727273,21.173167696474476,47.2,45.91363636363636,21.26887498881977
Manchester Utd,26.0,25.79310344827586,4.8871501361429415,20.0,17.551724137931036,11.5188857561849,12.0,12.89655172413793,10.821093249450376,0.0,162.93103448275863,274.2785251520904,0.0,1.2758620689655173,2.1530136971918146,0.0,0.8620689655172413,1.9950678100010695,2.0,2.586206896551724,2.3981725390583546,0.0,0.10344827586206896,0.40925259281898757,0.7,1.596551724137931,2.2771352238253675,0.4,1.1931034482758618,1.6554954015733605,9.0,21.03448275862069,30.927891663652417,21.0,43.62068965517241,56.25732574080809,12.0,42.86206896551724,64.18373410871271,0.0,0.06793103448275863,0.11101413392462459,0.0,0.0396551724137931,0.08291487711677949,0.06,0.11620689655172414,0.14917424598443468,0.06,0.08655172413793102,0.09320775037014915,0.0,0.18275862068965518,0.7727820638618634,0.0,3.527586206896552,14.026782966670888,0.0,0.9413793103448276,5.069482732233515,0.0,0.8620689655172413,4.642383454426297,21.7,20.641379310344824,18.28075719831764,0.16,0.346551724137931,0.4506762843777034,0.0,0.041379310344827586,0.0650123141044962,15.8,13.0,8.605728988794118,292.0,515.8620689655172,465.79630159682546,82.6,81.94137931034484,8.254458416143505,3600.0,8467.724137931034,8179.200934148901,91.3,90.20689655172414,4.934205033269778,85.5,84.84137931034483,9.004582850708351,55.4,59.35172413793103,19.295384731100395,6.0,12.206896551724139,17.118034162720292,20.0,34.689655172413794,40.095514042164595,5.0,9.96551724137931,14.765990747613948,1.0,2.1724137931034484,2.9163206456722803,21.0,43.62068965517241,56.25732574080809,14.0,28.413793103448278,35.700657498326386,1.99,2.262068965517241,1.4766452792692555,1.0,2.0689655172413794,3.7314401134410615,0.03,0.11206896551724138,0.19835716902210282,14.0,25.310344827586206,27.7953020802795,9.0,15.206896551724139,16.99239180663937,10.0,21.96551724137931,24.38161303497355,5.0,9.931034482758621,12.04732049189706,8.0,11.551724137931034,11.098861611176138,1.0,3.310344827586207,4.848441931441644,6.0,8.241379310344827,8.555095275472612,6.0,11.724137931034482,12.758460922977847,587.0,759.448275862069,664.4557163685015,21.0,78.96551724137932,185.84353687186524,125.0,266.48275862068965,317.80245668942285,223.0,321.2758620689655,307.37760590328867,81.0,178.72413793103448,218.32510106191313,18.0,29.137931034482758,37.06338599319803,5.0,19.482758620689655,25.13622981397735,2.0,8.275862068965518,10.875583898032911,3.0,9.724137931034482,13.214971357528384,327.0,463.0689655172414,401.73871493035324,728.0,1158.7931034482758,1107.0379519662351,9.0,21.03448275862069,30.927891663652417,10.0,14.724137931034482,18.037454191059815,1.0,7.0344827586206895,15.157465766839334,9.0,15.482758620689655,17.795707126108436,4.0,11.137931034482758,13.73921430985836,418.0,510.58620689655174,439.39711271251946,12.0,42.86206896551724,64.18373410871271,9.0,12.620689655172415,11.468633599965006,7.0,11.413793103448276,11.359443023881402,1.0,2.1379310344827585,3.1928954384364316,6.0,19.344827586206897,35.403062682353344,33.0,53.0,51.445532917279195,9.0,14.862068965517242,15.93900009843563,13.0,15.10344827586207,18.058130000454103,50.0,50.60689655172415,25.739768161827538
Ipswich Town,27.0,27.033333333333335,3.295590924285034,18.5,18.2,9.01493014488972,11.5,12.833333333333334,9.684980669816158,146.5,287.8333333333333,343.7355723200044,0.0,1.1333333333333333,2.315365962484092,0.0,0.8333333333333334,1.0854312136382616,2.0,2.966666666666667,2.645534081185242,0.0,0.16666666666666666,0.3790490217894517,0.6,1.0699999999999998,1.7597315626008965,0.4,0.7100000000000001,0.9714369023114233,9.0,15.066666666666666,18.26799223313512,20.0,27.666666666666668,25.772657702640434,14.5,27.233333333333334,35.37063201577549,0.0,0.09166666666666669,0.15090721820293132,0.0,0.06766666666666668,0.1035801649675875,0.04,0.09133333333333332,0.11437184767341081,0.03,0.05700000000000001,0.05820001184974402,0.0,0.23166666666666666,0.7160768757291518,0.0,6.21,19.034023076658244,0.0,0.7433333333333333,3.182244201961807,0.0,0.0,0.0,14.3,23.003333333333334,24.75399631036034,0.085,0.2986666666666667,0.40060069837711204,0.0,0.05900000000000001,0.07711835954758339,15.55,13.253333333333334,8.222120430145504,226.0,347.06666666666666,310.18681060171525,75.7,75.11333333333332,8.136538844485173,4256.5,6204.0,5602.8580145345895,87.0,87.14333333333335,7.354974077327595,84.4,81.58666666666667,10.94483765363232,49.5,45.286666666666676,17.749671844141588,4.5,8.266666666666667,11.08255333872782,18.0,26.266666666666666,28.851502480846623,4.0,4.9,5.984750736606357,0.0,1.5,2.837556014941561,20.0,27.666666666666668,25.772657702640434,13.0,19.166666666666668,21.09107236091454,1.395,1.519333333333333,1.2287305850245256,1.0,1.8666666666666667,2.0800088417141875,0.11,0.14133333333333334,0.1605106792737466,12.5,18.4,16.581252396441073,8.0,10.5,9.475012510227389,12.0,18.733333333333334,16.794772038229393,6.5,9.8,9.440923391425153,8.0,13.433333333333334,13.957282942121536,2.0,5.766666666666667,9.626412420624519,6.5,7.666666666666667,7.562764196962019,6.5,9.666666666666666,9.440679889796561,438.5,580.0666666666667,467.2063660800729,28.0,93.56666666666666,133.99065416027662,127.5,238.9,253.51995772624542,163.0,228.16666666666666,214.50891522881673,102.5,119.46666666666667,122.43358039849771,11.5,17.766666666666666,21.382692539291796,8.0,19.0,27.014683108418573,4.0,8.333333333333334,11.812714755087312,3.0,8.466666666666667,12.235429993524411,224.0,285.93333333333334,222.54343757836446,597.5,780.4,623.8107361073218,9.0,15.066666666666666,18.26799223313512,6.5,9.966666666666667,11.07181364868757,1.5,4.433333333333334,7.654988607092283,11.0,16.733333333333334,21.005636900822488,5.0,10.633333333333333,14.377864532180956,255.0,343.7,282.9609635560208,14.5,27.233333333333334,35.37063201577549,8.5,13.4,14.76388884383459,9.0,12.266666666666667,11.779389754503658,0.5,1.5,2.776129779337439,6.5,15.133333333333333,28.755489231093605,39.5,44.3,35.80709812121151,7.0,16.833333333333332,22.68993903326612,14.5,16.766666666666666,18.1937528750437,50.0,52.136666666666656,26.472112630586114
Newcastle Utd,28.0,28.130434782608695,4.673954407391191,27.0,22.565217391304348,9.917047246381179,13.0,16.26086956521739,12.259383757700755,0.0,184.82608695652175,298.90628695202554,0.0,2.739130434782609,5.011054972434337,1.0,2.0869565217391304,2.843062425021507,2.0,2.5652173913043477,3.0275415612569785,0.0,0.043478260869565216,0.2085144140570748,0.5,2.547826086956522,4.265279439339487,0.9,1.852173913043478,2.2405091883152144,14.0,29.08695652173913,32.3867439822337,56.0,61.17391304347826,60.89831478032052,22.0,60.73913043478261,69.35692755024176,0.0,0.16347826086956524,0.2605520135762841,0.04,0.10652173913043479,0.13161958598559623,0.11,0.14304347826086955,0.1634412539056797,0.08,0.09913043478260869,0.09258475446256409,0.0,0.11000000000000001,0.3649782060741312,0.0,6.139130434782608,20.340169372907813,0.0,3.4434782608695653,11.83199921964149,0.0,2.1739130434782608,10.425720702853738,23.7,20.926086956521743,17.718485913954495,0.28,0.371304347826087,0.416972904589801,0.0,0.07956521739130436,0.10657810882461939,14.6,14.26086956521739,5.707470314535535,459.0,599.4347826086956,511.82923520243065,81.8,79.65217391304347,6.948895894327215,6537.0,10098.478260869566,9054.408031799985,88.6,87.70869565217392,7.715622466108985,86.6,85.26521739130435,11.195112923042974,51.4,49.321739130434786,19.802822492163248,8.0,15.521739130434783,16.18604776628594,26.0,44.17391304347826,47.285066039456176,8.0,14.91304347826087,17.984622328984436,0.0,2.782608695652174,4.522233174591453,56.0,61.17391304347826,60.89831478032052,27.0,36.130434782608695,35.29654161249189,2.01,2.0782608695652174,1.4037924353625175,3.0,4.782608695652174,5.393232474290269,0.23,0.22782608695652182,0.2213174708984837,22.0,23.82608695652174,21.35554467901836,14.0,14.565217391304348,13.34447821438625,27.0,23.434782608695652,21.86908587472388,9.0,11.217391304347826,10.685404326119261,17.0,16.73913043478261,13.938884105931045,3.0,5.608695652173913,7.190518570468543,9.0,11.130434782608695,10.09637355159171,6.0,10.782608695652174,11.508718125202977,747.0,898.1304347826087,713.8810255057037,26.0,90.0,142.3389041561148,122.0,294.4347826086956,333.7171946542539,225.0,376.1304347826087,343.42477068861774,127.0,236.30434782608697,222.77004751794226,31.0,41.69565217391305,45.775573858285334,7.0,26.434782608695652,30.428494550871406,4.0,11.521739130434783,13.162859475251471,3.0,11.73913043478261,14.35338854925379,471.0,512.1304347826087,417.99644456380753,1475.0,1393.0,1117.0730829839526,14.0,29.08695652173913,32.3867439822337,13.0,17.82608695652174,16.859451554524767,4.0,10.434782608695652,15.582117042992008,11.0,18.608695652173914,17.343427181591363,7.0,17.652173913043477,20.141789880860713,538.0,595.0869565217391,490.90740777050064,22.0,60.73913043478261,69.35692755024176,9.0,15.391304347826088,16.521993965165958,11.0,17.608695652173914,23.457387148992265,2.0,3.0434782608695654,4.300932888968976,9.0,26.73913043478261,38.6302017871843,46.0,65.0,57.43929601999599,7.0,18.47826086956522,27.521676688512922,12.0,17.782608695652176,19.15714089917465,50.0,49.67826086956522,23.862845911998065
Liverpool,27.0,27.333333333333332,3.719318934070233,28.0,24.476190476190474,8.902915520317196,19.0,17.80952380952381,11.994244651577889,0.0,157.1904761904762,269.76908997281714,1.0,3.761904761904762,6.503112807761847,2.0,2.8095238095238093,3.9701265423037544,3.0,2.9523809523809526,2.290768222151479,0.0,0.09523809523809523,0.30079260375911915,1.7,3.6285714285714286,5.487544337601552,1.2,2.628571428571429,3.120599759203807,23.0,35.19047619047619,36.3972788098493,67.0,81.38095238095238,67.2699607480755,54.0,80.61904761904762,107.99003481362352,0.04,0.16904761904761903,0.24055986285963757,0.14,0.14761904761904762,0.1455645822961328,0.07,0.1895238095238095,0.21020171717843295,0.11,0.13666666666666666,0.11947105646696748,0.0,0.09714285714285714,0.3120439529480239,0.0,6.638095238095237,20.975759251823906,0.0,3.6904761904761907,11.662414190977131,0.0,4.761904761904762,21.82178902359924,29.2,27.195238095238096,17.87407273652192,0.35,0.5071428571428572,0.45370852821104063,0.06,0.06380952380952382,0.07031900102221238,14.5,13.266666666666667,6.657276720501659,630.0,778.0952380952381,629.732554721598,83.7,82.85238095238094,7.468106791390912,11124.0,13238.142857142857,11217.987712980053,91.8,91.20476190476191,5.878050373251,88.3,86.71428571428572,9.668985764509413,60.8,60.32380952380953,15.202595329808158,11.0,22.0,22.645087767549057,39.0,67.71428571428571,70.61454726693562,8.0,18.61904761904762,22.59972608346435,1.0,3.619047619047619,5.877722266968647,67.0,81.38095238095238,67.2699607480755,35.0,49.80952380952381,45.47594864059358,2.71,2.6333333333333333,1.54885871961691,4.0,6.476190476190476,6.569772047940839,0.34,0.3480952380952381,0.26352645118885215,26.0,28.047619047619047,24.080025312437257,15.0,17.285714285714285,14.76869275576839,19.0,28.285714285714285,27.880356628176152,9.0,13.333333333333334,13.7852578261465,9.0,15.428571428571429,14.712482552483888,2.0,3.9523809523809526,4.565919299288923,8.0,11.476190476190476,12.746054478225988,7.0,12.904761904761905,15.74771336386576,801.0,1102.047619047619,814.8852358578156,27.0,97.71428571428571,150.7335871188445,160.0,301.3809523809524,321.09149415555623,280.0,497.5238095238095,465.1158585823127,195.0,312.8095238095238,282.09388845694957,42.0,55.80952380952381,72.30049726496979,16.0,28.238095238095237,35.28300548692636,7.0,13.142857142857142,16.276626537110552,9.0,12.714285714285714,16.646750004559017,510.0,632.7142857142857,454.4827986686782,1383.0,1718.4761904761904,1233.3182322112823,23.0,35.19047619047619,36.3972788098493,17.0,23.761904761904763,21.271823527626314,5.0,13.714285714285714,25.809189946882984,19.0,22.571428571428573,24.78219406866839,11.0,14.476190476190476,15.83230573106472,570.0,769.6666666666666,567.9636725472267,54.0,80.61904761904762,107.99003481362352,15.0,18.523809523809526,16.460920532032976,12.0,15.19047619047619,13.197041515502814,1.0,2.619047619047619,4.3985928485845385,6.0,31.047619047619047,44.27016624147258,62.0,68.85714285714286,49.31864324399619,9.0,17.904761904761905,25.97672951297904,12.0,15.952380952380953,13.00183137283433,42.9,50.480952380952374,21.80703141300115
Aston Villa,28.0,27.285714285714285,4.035556254807296,20.5,19.428571428571427,10.333077313776704,9.5,13.75,11.660712766474536,49.0,224.75,287.64505197539194,1.0,1.8928571428571428,3.2924074914790076,0.0,1.5,2.3959842947608694,2.0,2.4285714285714284,2.2513958045583786,0.0,0.07142857142857142,0.262265264156481,0.8,1.9535714285714287,2.9725263158486417,0.45,1.4321428571428572,2.0083259237168196,16.5,23.785714285714285,23.6601824338747,34.0,44.17857142857143,48.1994725431633,21.0,43.75,51.99617151148584,0.035,0.16999999999999998,0.2806342023979892,0.0,0.08535714285714287,0.11429274118609059,0.08,0.19321428571428573,0.24695259061322278,0.05,0.09071428571428573,0.103563491759388,0.0,0.12000000000000001,0.44913084788123664,0.0,4.367857142857143,16.10849910408302,0.0,4.2,19.066977464444374,0.0,1.7857142857142858,9.449111825230679,25.0,25.914285714285715,22.409384844313085,0.195,0.4642857142857143,0.6783991427068558,0.04,0.06642857142857143,0.07889112449325035,16.1,15.078571428571431,6.79740457783035,402.5,491.0,427.63665781959236,81.94999999999999,81.24285714285713,7.185552818828159,5738.0,8421.57142857143,7968.745504822884,91.45,90.07142857142857,5.500024049971469,86.45,86.43928571428572,7.728462991542382,53.9,54.48571428571428,15.355026063046113,6.5,12.107142857142858,14.937745592499672,23.5,38.0,46.91047423116284,7.5,10.5,12.671051872498808,0.0,1.8571428571428572,3.6989917116073245,34.0,44.17857142857143,48.1994725431633,20.0,28.642857142857142,29.93352423313822,1.825,2.1085714285714285,1.379749613049047,2.0,3.4285714285714284,3.881853045748006,0.18,0.2310714285714286,0.20994424807931103,10.5,21.392857142857142,20.55226271351898,6.0,12.321428571428571,12.516814088282807,10.5,18.214285714285715,19.028939253161987,5.5,7.964285714285714,8.234894781567768,10.0,10.857142857142858,9.151863949852716,2.5,3.607142857142857,4.314826168888484,5.5,7.25,6.369051327695108,5.0,8.071428571428571,8.379554356702464,655.0,721.4642857142857,574.5980548202149,30.0,86.96428571428571,191.6212472064421,133.0,242.96428571428572,300.24082705855346,244.0,308.7142857142857,300.822065919233,117.5,176.96428571428572,169.99226172864178,20.5,31.535714285714285,37.602681290190475,17.0,24.285714285714285,30.09596643683661,8.0,10.785714285714286,13.113061463761273,7.5,9.964285714285714,13.304084983518305,397.0,408.2857142857143,318.5088936653345,1086.5,1180.8214285714287,939.9880635007072,16.5,23.785714285714285,23.6601824338747,12.5,14.75,13.11099340813457,2.0,7.178571428571429,10.583192724975213,9.0,16.785714285714285,21.64076595970557,8.0,12.892857142857142,15.317236201995607,483.5,482.0357142857143,387.3446624985783,21.0,43.75,51.99617151148584,8.5,13.535714285714286,13.546851876624167,9.0,16.392857142857142,17.847791202096992,1.0,1.8214285714285714,2.868133622443431,4.5,19.964285714285715,34.23717077145631,37.5,46.75,36.89587450590588,8.0,12.428571428571429,12.179000054521813,9.5,13.857142857142858,13.903674669387561,48.6,38.92857142857143,24.751099596117566
Wolves,27.5,27.916666666666668,3.9882072540741005,25.0,21.875,9.79490772755437,14.0,16.0,11.135528725660043,0.0,273.2916666666667,349.9739715994626,0.5,2.0833333333333335,3.8776580411451924,1.0,1.625,2.203011772452707,2.0,3.0833333333333335,2.764946208560283,0.0,0.08333333333333333,0.28232985128663995,0.75,1.6875,2.451851562994082,0.9,1.3416666666666668,1.7636219319458974,11.0,22.583333333333332,27.601065931947453,29.5,44.0,41.273214811419344,27.0,43.375,47.61696126381859,0.035,0.11708333333333333,0.1652265682043288,0.035,0.09625,0.12903698492393906,0.07500000000000001,0.10666666666666667,0.11686732226971212,0.05500000000000001,0.07625,0.0761470259774956,0.0,0.1708333333333333,0.5895238805995068,0.0,9.3125,25.99741312381743,0.0,5.245833333333334,20.862239222152514,0.0,1.3875,6.797334036223319,26.4,26.766666666666666,18.940310512735547,0.21500000000000002,0.335,0.39930374185683454,0.03,0.08583333333333336,0.11469872319014399,17.35,15.791666666666666,8.070823279306584,449.5,540.9166666666666,417.37637239293275,80.25,77.05,9.371000596196387,8035.0,9238.25,6612.640288640879,90.7,88.81666666666666,7.179176812848735,86.6,85.47500000000001,9.681055008983087,52.65,51.51666666666667,16.044683981243477,9.5,11.875,12.463206719746344,25.0,37.625,33.49602507241977,4.0,10.375,12.596799110333029,1.0,2.6666666666666665,3.4599153880916833,29.5,44.0,41.273214811419344,20.5,28.291666666666668,28.084467572674043,1.6749999999999998,1.7062499999999998,1.0991689054047589,3.0,3.75,4.131006825376152,0.16999999999999998,0.24208333333333334,0.24028930328951875,21.0,30.75,28.343007726007517,11.5,18.125,17.622398050307407,19.0,25.708333333333332,23.71841912516729,7.5,11.708333333333334,13.245111211858237,14.5,17.291666666666668,12.868833826651544,4.0,5.625,6.034772428258547,9.5,11.666666666666666,10.51155334016759,9.0,11.583333333333334,9.925446728164086,725.5,840.7916666666666,585.4083657671326,51.0,100.375,148.8801129885327,238.5,299.5833333333333,257.50726738021046,293.5,377.25,319.5905328629936,121.5,174.16666666666666,185.93586240297012,20.5,27.125,31.679526374369107,14.0,27.208333333333332,34.5580534459193,7.0,12.083333333333334,15.846866832462407,6.0,11.583333333333334,15.015692274842129,386.0,461.3333333333333,315.0738583759117,988.0,1274.6666666666667,929.522723096979,11.0,22.583333333333332,27.601065931947453,12.5,17.166666666666668,21.664771377528535,2.5,5.458333333333333,8.576911203755198,16.0,22.083333333333332,22.732693688140888,10.5,13.833333333333334,15.23915627775931,466.0,536.5,379.3030221454815,27.0,43.375,47.61696126381859,14.5,18.958333333333332,17.588235115916365,9.0,16.208333333333332,17.062491705152734,1.0,2.4166666666666665,3.2825847009392737,9.5,20.75,30.341892406087805,42.5,62.916666666666664,51.304645663591394,9.5,17.083333333333332,17.445359833209086,15.5,18.25,19.627509532153656,41.2,48.4,25.21329876836049
Nott'ham Forest,27.5,27.5,3.595632271043777,29.5,23.863636363636363,10.575332729406783,18.5,17.0,12.902565267271097,0.0,205.6818181818182,303.236413563448,1.0,2.3636363636363638,4.169566090767885,1.0,1.7272727272727273,2.4723580065504493,2.0,3.3636363636363638,2.9688133679726003,0.0,0.09090909090909091,0.29424494316824984,1.4,1.8863636363636367,2.542832214479687,1.1,1.390909090909091,1.4198957342368121,12.5,25.59090909090909,33.33760795102288,34.0,44.27272727272727,41.7169393688347,17.5,43.90909090909091,55.97100362467379,0.05500000000000001,0.11863636363636365,0.16371564938274488,0.055,0.09363636363636364,0.11412380305721687,0.07,0.11272727272727275,0.1333517303325457,0.065,0.08772727272727274,0.08657129284346368,0.0,0.055,0.2579728667902887,0.0,3.3545454545454545,15.734212867044045,0.0,1.7363636363636366,8.144267364784318,0.0,0.0,0.0,32.9,35.445454545454545,27.3677726231964,0.29000000000000004,0.4327272727272728,0.42137170355176023,0.05,0.07181818181818184,0.08398618727909758,18.450000000000003,17.35454545454546,8.216344180249004,380.0,427.8181818181818,331.241623270707,76.69999999999999,73.71363636363637,8.562837505592766,5542.5,7300.727272727273,6130.44255515684,88.1,86.27272727272728,7.728807079650705,81.4,77.49545454545454,11.905520019151071,43.4,45.13636363636363,15.824530248186125,10.0,13.818181818181818,14.802304722853973,26.0,37.63636363636363,36.1985864687789,6.5,9.545454545454545,10.331308278041593,1.0,2.409090909090909,3.33322510646815,34.0,44.27272727272727,41.7169393688347,23.5,32.59090909090909,31.652366331323385,1.8,1.9281818181818182,1.3152643636624335,2.0,3.772727272727273,4.859275060392663,0.16,0.2127272727272727,0.22443965820050651,20.5,28.136363636363637,25.2082666987778,13.0,17.045454545454547,15.7645692938832,18.5,26.727272727272727,26.124576675871833,7.0,13.181818181818182,13.61244655815777,11.0,17.636363636363637,17.769812429123547,3.0,6.545454545454546,9.874099224629832,7.5,11.090909090909092,10.32753642733874,11.0,13.045454545454545,10.98690680820226,807.5,759.5,548.6952272263286,33.0,101.36363636363636,172.1551198233305,148.0,262.22727272727275,282.09824898060265,239.0,302.22727272727275,254.77589252371467,125.5,204.77272727272728,200.94584245943383,21.0,31.772727272727273,31.297241348357144,11.5,24.727272727272727,27.602936038075335,6.0,11.318181818181818,12.710649317033575,5.0,9.590909090909092,11.324894999656584,361.0,349.45454545454544,266.30196381314187,823.5,1069.6818181818182,985.8941499429717,12.5,25.59090909090909,33.33760795102288,10.5,16.09090909090909,17.473542151626706,2.0,7.7272727272727275,12.53635406169486,18.0,23.0,23.08782404315355,9.5,13.136363636363637,13.065022204145126,434.5,424.45454545454544,322.06339619526955,17.5,43.90909090909091,55.97100362467379,12.0,16.272727272727273,13.579332398843045,10.0,17.0,16.681897802279998,1.0,3.727272727272727,6.21964490015167,6.5,23.818181818181817,36.55346555602962,46.0,64.22727272727273,52.790630317800236,13.5,23.136363636363637,25.340153445142683,18.5,22.681818181818183,26.12130377340516,43.9,50.404545454545456,20.86743823172788
Tottenham,26.0,25.821428571428573,4.472579597275856,19.5,18.25,9.713011509958823,14.5,13.357142857142858,8.32761708709078,0.0,172.92857142857142,266.470751444997,0.0,2.107142857142857,3.2356725297187787,0.5,1.6071428571428572,2.3779743280283547,2.0,2.2857142857142856,2.3389953977935636,0.0,0.03571428571428571,0.18898223650461365,0.6499999999999999,2.0000000000000004,2.8866230430370696,0.75,1.4964285714285714,1.9989779134379395,15.5,27.928571428571427,28.848170327023013,47.0,54.214285714285715,47.44225116673107,30.5,53.857142857142854,68.64493414759012,0.0,0.13178571428571428,0.21006266386800568,0.025,0.11285714285714286,0.1566514683610803,0.065,0.1392857142857143,0.18133105740868655,0.07500000000000001,0.10357142857142856,0.11089582317600423,0.0,0.2621428571428571,0.6616609691490335,0.0,8.589285714285714,21.616186309846857,0.0,2.0535714285714284,6.214229915215032,0.0,0.0,0.0,31.65,28.260714285714283,21.57440766597234,0.295,0.3971428571428572,0.4164653481904422,0.0,0.06321428571428571,0.08388941448379446,16.2,14.028571428571428,7.498931140767213,668.5,550.9642857142857,377.73962050527723,83.05,80.50357142857145,8.412181737652936,10184.5,9146.92857142857,6486.334123762001,91.35,89.93928571428572,6.822747317054983,90.1,85.2857142857143,11.100207348270715,54.25,54.61785714285714,15.195005358034193,6.5,12.892857142857142,17.446933903855506,36.5,43.0,39.60639678974429,7.5,12.714285714285714,16.532475656197146,1.0,2.892857142857143,5.020987697686328,47.0,54.214285714285715,47.44225116673107,15.0,29.785714285714285,36.208610744731594,1.6,1.9167857142857143,1.5565632931925018,2.0,3.642857142857143,4.596409917205397,0.20500000000000002,0.24535714285714283,0.2623467050503849,12.5,21.535714285714285,20.663946313535497,7.5,13.678571428571429,13.994849770748525,14.0,19.464285714285715,17.860534069525393,8.0,9.642857142857142,8.59032309017832,12.5,14.035714285714286,12.08452375088544,4.0,4.892857142857143,5.1448592516780005,8.5,9.142857142857142,8.95963907058383,7.5,10.107142857142858,10.67131595104297,873.5,800.0357142857143,525.8792624521799,45.5,81.82142857142857,112.58348460272049,219.0,258.57142857142856,224.00899925233304,370.0,337.92857142857144,261.5013530977568,150.0,211.39285714285714,226.68518540130336,23.5,34.25,41.977617492782635,18.5,26.678571428571427,29.023685820797095,7.5,10.285714285714286,11.31978648816161,10.0,13.785714285714286,15.490396410433817,561.0,501.2857142857143,318.1829030421965,1471.0,1389.642857142857,882.3030559505519,15.5,27.928571428571427,28.848170327023013,17.5,18.785714285714285,17.04103357771545,4.0,8.357142857142858,11.798349808386687,14.5,17.25,17.819309127398228,9.5,13.785714285714286,16.104651140580113,619.0,546.3928571428571,348.5211444019403,30.5,53.857142857142854,68.64493414759012,9.5,14.0,12.87547194388531,10.0,15.821428571428571,15.085076195018832,0.5,1.9642857142857142,3.1679195516480982,11.0,25.5,42.070047407732844,52.5,54.25,41.19027663040015,9.0,13.285714285714286,13.482106503332323,9.5,13.714285714285714,13.791723612791849,50.7,51.89642857142858,24.65966089915625
Chelsea,24.0,24.307692307692307,2.54195563720897,17.5,19.153846153846153,10.880045248774687,11.5,14.384615384615385,11.398515422902836,51.5,214.6153846153846,290.2993044322465,1.0,2.1923076923076925,3.47585075363406,1.0,1.6923076923076923,2.2048896710580466,2.5,3.6153846153846154,3.2505620815720233,0.0,0.038461538461538464,0.19611613513818402,0.75,2.4461538461538463,3.9643643393846406,1.05,1.8769230769230771,2.3167749467408685,11.0,30.115384615384617,38.78590148296355,33.0,56.53846153846154,61.782347491322,11.5,55.80769230769231,74.49994321112962,0.05,0.14615384615384613,0.20581694630087044,0.065,0.13230769230769232,0.18394146226031136,0.08499999999999999,0.155,0.1757782694191748,0.1,0.15307692307692308,0.1694171002176399,0.0,0.10038461538461539,0.3588925273028768,0.0,5.696153846153847,20.136781883294674,0.0,1.7423076923076921,6.3809825623910355,0.0,0.7692307692307693,3.922322702763681,30.9,26.403846153846153,22.531231316006334,0.28,0.4569230769230769,0.48999403450057827,0.06,0.08307692307692308,0.11526557962442148,13.649999999999999,13.365384615384615,6.535009858152768,492.5,636.4615384615385,575.7149454908553,84.7,84.07692307692308,6.4065159138057375,7569.5,11007.26923076923,10339.849385973443,91.9,91.06923076923077,5.659312271346703,90.7,88.48076923076923,7.279891165712258,58.05,57.18076923076924,17.872728258008493,6.5,16.26923076923077,20.954345978450757,27.0,52.76923076923077,57.37128737778694,4.0,12.653846153846153,16.88772881755817,0.0,2.6923076923076925,5.3499101358376535,33.0,56.53846153846154,61.782347491322,15.0,37.80769230769231,45.690278380214956,1.83,2.3284615384615384,1.6628137413617734,2.5,3.923076923076923,4.515954622651356,0.20500000000000002,0.2561538461538462,0.24501554110834559,11.0,20.0,23.23445717033217,8.5,12.5,14.409024949662625,11.5,18.692307692307693,21.903002955337847,5.5,9.346153846153847,11.534096610284857,9.0,12.0,12.96148139681572,1.5,3.576923076923077,5.485785828288064,5.5,8.423076923076923,9.495991056959046,7.0,9.384615384615385,11.00573277188547,713.5,882.9615384615385,749.4059770655278,19.5,81.96153846153847,174.11363663291414,123.5,263.61538461538464,324.6297678184275,254.5,398.9230769230769,405.23700947242446,91.5,227.73076923076923,254.26687675626297,11.5,39.5,49.92894951829049,13.0,27.115384615384617,33.083321384742405,5.0,11.26923076923077,13.921372611370451,5.0,11.5,14.219001371404392,399.0,513.7307692307693,414.7699659032518,1010.5,1451.7692307692307,1154.3012884924735,11.0,30.115384615384617,38.78590148296355,9.5,17.0,18.874321179846444,1.0,10.923076923076923,20.2483047723469,6.0,15.961538461538462,19.0881759615334,5.5,10.615384615384615,11.768014014529124,495.5,631.2307692307693,529.269255309039,11.5,55.80769230769231,74.49994321112962,7.0,15.076923076923077,15.83647202358676,10.5,15.461538461538462,16.594531073171716,1.0,2.1153846153846154,3.8711954027346436,3.0,23.46153846153846,40.12802588638596,37.5,54.0,49.51928917098871,9.0,13.961538461538462,16.39629414039836,8.5,13.692307692307692,14.600737599913861,41.05,45.01538461538462,27.32208911935824
Brentford,25.0,26.333333333333332,3.890158522905376,27.0,22.857142857142858,11.145787160563017,21.0,17.80952380952381,12.956153162181465,0.0,97.04761904761905,196.0498600332263,0.0,2.761904761904762,5.2906026301808184,2.0,1.8571428571428572,2.455314934702151,2.0,2.5238095238095237,1.8873009198071093,0.0,0.047619047619047616,0.21821789023599242,0.8,2.4809523809523815,3.9303459195876194,1.2,1.7952380952380953,2.241088171062484,12.0,25.285714285714285,31.87968452971713,51.0,56.714285714285715,53.19693868743094,27.0,56.04761904761905,74.6963695171835,0.0,0.1123809523809524,0.18931203770243354,0.07,0.08380952380952383,0.09672001811808094,0.07,0.11952380952380953,0.15583568880318113,0.06,0.09047619047619049,0.07933953557188185,0.0,0.1295238095238095,0.4108342267931945,0.0,5.904761904761905,19.03130253530946,0.0,5.628571428571429,21.984020170504365,0.0,0.0,0.0,32.4,26.40952380952381,19.717730720392364,0.18,0.3114285714285715,0.37051701329744247,0.0,0.0661904761904762,0.082853858719808,14.7,13.704761904761906,6.953019214016037,483.0,565.8095238095239,435.5859982882392,77.2,76.44285714285714,8.036203794614185,7530.0,10385.42857142857,9215.522782628386,87.4,86.33809523809525,8.073380716309382,79.9,81.95238095238096,10.028340792355387,55.1,55.090476190476195,13.536613489418423,8.0,14.095238095238095,17.218898808880787,41.0,46.76190476190476,39.72266955015078,7.0,13.761904761904763,18.47134202461955,2.0,3.8095238095238093,5.2784377198092205,51.0,56.714285714285715,53.19693868743094,21.0,33.23809523809524,35.14100846860369,1.72,1.8633333333333335,1.1440862438353734,2.0,4.761904761904762,5.726296900307928,0.2,0.25238095238095243,0.22620576389439684,25.0,26.714285714285715,21.543311855754343,17.0,16.238095238095237,12.696081135156478,25.0,24.761904761904763,20.13431091918659,10.0,11.619047619047619,10.40901623822439,17.0,20.38095238095238,18.688167889004507,4.0,8.380952380952381,12.379322237005507,13.0,12.0,10.014988766843425,8.0,12.476190476190476,12.040012656218629,780.0,910.4761904761905,654.1051611971594,51.0,142.61904761904762,283.87540861978096,226.0,357.3333333333333,411.39218919825566,334.0,338.9047619047619,271.3587855150271,158.0,222.52380952380952,227.73726507702224,24.0,41.76190476190476,45.46856580309606,12.0,26.238095238095237,33.12537511018518,6.0,11.285714285714286,14.846355974254616,6.0,11.952380952380953,15.226543240263663,395.0,481.0,352.50049645355114,1171.0,1335.2380952380952,1120.4904240894657,12.0,25.285714285714285,31.87968452971713,10.0,15.428571428571429,18.494786910292934,1.0,9.0,17.25688268488837,14.0,22.38095238095238,25.716679782732825,8.0,12.333333333333334,13.316656236958785,484.0,557.4761904761905,400.55506725637855,27.0,56.04761904761905,74.6963695171835,12.0,12.952380952380953,10.360869608658293,10.0,14.571428571428571,14.122929683926875,1.0,2.9523809523809526,4.477456761111049,13.0,28.571428571428573,44.22168181850554,50.0,69.0952380952381,54.548973190982025,12.0,26.761904761904763,31.19920633911184,14.0,23.61904761904762,23.688554600220314,55.1,53.98571428571429,19.473142676884123
Arsenal,27.5,26.727272727272727,3.9542842128966447,23.5,23.272727272727273,8.066283844803323,16.5,17.5,10.39574088612392,0.0,269.22727272727275,367.8150326840901,2.0,2.8181818181818183,2.8053751745764544,1.5,2.3181818181818183,2.7496556258204516,2.5,2.909090909090909,1.9738550848793073,0.0,0.22727272727272727,0.5284134548067254,1.65,2.563636363636363,2.64098564835275,0.9,1.9318181818181814,2.1877116471514824,23.0,35.31818181818182,32.69685635629847,56.5,77.0,62.4431169717116,52.0,75.95454545454545,77.48823399024143,0.10500000000000001,0.16272727272727272,0.16406101705163637,0.10500000000000001,0.1372727272727273,0.14998989864977472,0.1,0.1527272727272727,0.14166297423250107,0.09,0.11954545454545452,0.11712741424974416,0.0,0.04045454545454546,0.18974863755649327,0.0,3.3681818181818177,15.79817308195073,0.0,1.5590909090909089,7.3127845709974375,0.0,0.0,0.0,30.65,26.59545454545454,17.325881473424918,0.22,0.4090909090909091,0.40970266908610325,0.13,0.13090909090909092,0.12990506023756226,14.65,13.977272727272727,5.767472981188954,468.5,717.6818181818181,560.3350516698649,82.95,82.32272727272728,6.265698898286024,7398.0,11757.954545454546,9938.890938785555,91.75,90.88636363636364,4.674683126979019,86.3,84.95454545454544,7.859463647805035,53.349999999999994,55.31818181818183,9.762495600322715,10.0,17.5,17.781076082922166,40.5,58.09090909090909,52.91854395551992,9.0,18.272727272727273,18.49371017447056,1.5,3.0,3.625307868699863,56.5,77.0,62.4431169717116,25.0,39.86363636363637,34.142970348849616,2.24,2.4500000000000006,1.4035600993120858,3.0,5.0,5.597618541248888,0.24,0.29227272727272735,0.299474648234312,19.5,24.636363636363637,20.726209435778593,12.0,14.681818181818182,12.635499363137344,21.0,21.363636363636363,14.85660172174696,11.0,10.636363636363637,7.575307345928704,10.0,13.681818181818182,11.167070484395772,1.5,4.409090909090909,6.835893301495952,7.5,9.272727272727273,7.88719165532271,6.0,9.636363636363637,8.866982385421583,771.5,1008.9545454545455,673.6841479275218,25.0,75.81818181818181,170.01334299559198,125.0,254.45454545454547,337.02631341000057,296.0,439.0,390.8871472749672,225.0,323.09090909090907,237.02399096794466,38.5,53.77272727272727,50.36148549019598,23.5,30.59090909090909,29.146034755886472,9.0,13.363636363636363,11.66821263721167,9.0,13.409090909090908,14.876184517572568,427.0,593.2727272727273,410.1600363410061,1358.0,1677.6363636363637,1143.7038638295003,23.0,35.31818181818182,32.69685635629847,19.5,21.954545454545453,18.367873798531715,4.5,12.136363636363637,15.458994775874642,15.5,20.136363636363637,15.944234529089648,13.5,15.863636363636363,13.52350847174214,552.0,710.8636363636364,492.201884195088,52.0,75.95454545454545,77.48823399024143,14.0,16.954545454545453,11.273556386210767,17.0,17.045454545454547,12.403829181143148,2.0,3.5454545454545454,3.6868785704269667,11.0,32.18181818181818,42.69006393110179,49.5,59.68181818181818,41.36755844589927,10.5,19.90909090909091,19.786741811504783,15.5,19.363636363636363,17.646112358966818,51.15,47.82727272727273,19.01468559819668
