,player,nationality,team,position,birth_year,games,games_starts,minutes,goals,assists,cards_yellow,cards_red,xg,xg_assist,progressive_carries_x,progressive_passes_x,progressive_passes_received_x,goals_per90,assists_per90,xg_per90,xg_assist_per90,gk_goals_against_per90,gk_save_pct,gk_clean_sheets_pct,gk_pens_save_pct,shots_on_target_pct,shots_on_target_per90,goals_per_shot,average_shot_distance,passes_completed,passes_pct,passes_total_distance,passes_pct_short,passes_pct_medium,passes_pct_long,assisted_shots,passes_into_final_third,passes_into_penalty_area,crosses_into_penalty_area,progressive_passes_y,sca,sca_per90,gca,gca_per90,tackles,tackles_won,challenges,challenges_lost,blocks,blocked_shots,blocked_passes,interceptions,touches,touches_def_pen_area,touches_def_3rd,touches_mid_3rd,touches_att_3rd,touches_att_pen_area,take_ons,take_ons_won,take_ons_tackled,carries,carries_progressive_distance,progressive_carries_y,carries_into_final_third,carries_into_penalty_area,miscontrols,dispossessed,passes_received,progressive_passes_received_y,fouls,fouled,offsides,crosses,ball_recoveries,aerials_won,aerials_lost,aerials_won_pct,price,skill/pot
0,Aaron Ramsdale,ENG,Southampton,GK,27,27,27,2430.0,0,0,2,0,0.0,0.0,0,0,0,0.00,0.00,0.00,0.00,2.30,67.1,7.4,28.6,,0.00,,,715,64.6,20052,99.5,96.2,38.6,0,33,1,0,0,3,0.11,0,0.00,0,0,2,2,0,0,0,2,1189,860,1166,26,0,0,0,0,0,723,2159,0,0,0,3,0,646,0,1,4,0,0,20,5,0,100.0,€18.7M,67.3/71.5
1,Aaron Wan-Bissaka,ENG,West Ham,DF,28,33,32,2884.0,2,3,1,0,1.2,3.3,98,132,149,0.06,0.09,0.04,0.10,,,,,31.3,0.16,0.13,15.3,1320,80.5,18844,90.0,81.2,46.1,30,89,32,11,132,84,2.62,8,0.25,65,45,27,7,32,9,23,61,2037,136,627,876,564,43,105,56,37,959,3340,98,59,13,32,21,1170,149,22,25,4,70,163,22,30,42.3,€26.9M,74.4/75.0
2,Abdoulaye Doucouré,MLI,Everton,MF,32,30,29,2425.0,3,1,5,1,3.9,2.3,40,78,91,0.11,0.04,0.14,0.09,,,,,31.0,0.33,0.10,13.8,676,79.6,10229,85.1,83.1,72.7,26,44,14,0,78,54,2.00,2,0.07,45,27,39,26,30,6,24,9,1090,31,218,502,385,59,43,23,20,571,1339,40,24,8,33,35,705,91,46,5,10,23,139,29,43,40.3,€5.8M,69.1/69.1
3,Adam Smith,ENG,Bournemouth,DF,34,22,17,1409.0,0,0,6,0,0.7,0.3,12,40,31,0.00,0.00,0.04,0.02,,,,,0.0,0.00,0.00,16.9,436,75.7,7088,88.0,78.1,37.5,7,41,8,5,40,20,1.28,2,0.13,21,10,25,13,12,5,7,14,707,39,217,332,162,6,15,6,6,305,585,12,15,0,10,6,333,31,15,11,0,30,43,12,13,48.0,€1.5M,68.5/68.7
4,Adam Wharton,ENG,Crystal Palace,MF,21,19,15,1258.0,0,2,2,0,0.3,3.0,14,105,10,0.00,0.14,0.02,0.21,,,,,41.7,0.36,0.00,25.8,521,75.6,9826,82.1,80.6,65.0,25,73,18,5,105,56,4.01,6,0.43,34,14,43,26,10,2,8,18,827,27,196,439,198,10,10,2,8,413,1021,14,22,2,14,13,509,10,12,21,0,35,96,7,16,30.4,€48.9M,68.1/81.3
5,Adama Traoré,ESP,Fulham,"FW,MF",29,33,16,1592.0,2,6,3,0,3.9,4.7,89,61,145,0.11,0.34,0.22,0.27,,,,,29.7,0.62,0.05,14.3,386,72.0,6023,81.4,73.4,55.1,38,32,33,18,61,76,4.30,9,0.51,17,12,13,8,7,0,7,1,737,4,75,260,424,88,93,47,35,490,2268,89,42,33,34,21,556,145,20,29,1,92,78,24,26,48.0,€8M,68.7/68.7
6,Alejandro Garnacho,ARG,Manchester Utd,"MF,FW",21,34,23,2146.0,6,2,3,0,7.2,4.4,139,56,281,0.25,0.08,0.30,0.19,,,,,34.9,1.22,0.07,17.2,633,79.0,8888,88.5,82.9,59.2,35,21,24,4,56,81,3.40,6,0.25,29,18,36,24,19,0,19,13,1130,13,128,360,660,170,87,26,53,817,3172,139,72,66,63,48,862,281,12,41,10,52,108,3,23,11.5,€60.7M,70.9/87.1
7,Alex Iwobi,NGA,Fulham,"FW,MF",29,35,33,2796.0,9,6,1,0,4.6,6.9,135,199,224,0.29,0.19,0.15,0.22,,,,,44.4,0.90,0.14,18.2,1057,74.4,18132,85.8,77.7,53.8,56,107,78,17,199,115,3.70,16,0.52,39,23,30,11,25,1,24,13,1724,31,228,691,831,109,87,43,39,1218,4098,135,102,37,55,38,1345,224,17,17,5,120,126,6,31,16.2,€30.3M,76.3/76.3
8,Alex Palmer,ENG,Ipswich Town,GK,29,11,11,990.0,0,0,2,0,0.0,0.0,0,1,0,0.00,0.00,0.00,0.00,2.45,58.7,0.0,0.0,,0.00,,,241,67.7,7340,95.8,100.0,43.8,1,7,0,0,1,2,0.18,0,0.00,0,0,0,0,0,0,0,0,400,334,393,8,0,0,0,0,0,180,604,0,0,0,1,0,132,0,1,2,0,0,15,4,0,100.0,€1.6M,64.4/67.5
9,Alexander Isak,SWE,Newcastle Utd,FW,26,32,32,2577.0,23,6,1,0,19.9,4.3,81,80,200,0.80,0.21,0.69,0.15,,,,,42.0,1.29,0.22,14.6,479,74.5,6849,83.8,77.4,63.2,41,33,26,1,80,89,3.11,14,0.49,12,5,13,8,18,2,16,3,960,20,55,361,558,178,88,42,44,574,1782,81,41,43,62,52,681,200,25,13,20,15,55,26,52,33.3,€120.3M,82.0/84.9
10,Alexis Mac Allister,ARG,Liverpool,MF,27,34,30,2575.0,5,5,6,0,2.8,4.5,34,174,79,0.17,0.17,0.10,0.16,,,,,34.2,0.45,0.13,18.1,1259,83.5,20134,90.2,88.4,55.7,44,121,34,2,174,119,4.16,15,0.52,95,58,103,48,61,6,55,22,1844,55,281,954,630,60,42,16,21,904,1957,34,42,5,31,22,1216,79,61,40,2,85,146,19,34,35.8,€106.1M,85.5/88.9
11,Alisson,BRA,Liverpool,GK,33,25,25,2238.0,0,0,0,0,0.0,0.6,0,0,0,0.00,0.00,0.00,0.02,0.92,71.4,36.0,0.0,,0.00,,,684,83.7,15108,99.0,98.6,48.5,1,12,0,0,0,6,0.24,1,0.04,1,0,1,1,0,0,0,0,862,626,846,16,0,0,1,1,0,543,1258,0,0,0,1,0,526,0,0,2,0,0,42,6,0,100.0,€24.1M,78.0/78.0
12,Amad Diallo,CIV,Manchester Utd,"FW,MF",23,23,17,1639.0,7,6,3,0,4.2,4.0,93,55,163,0.38,0.33,0.23,0.22,,,,,32.6,0.77,0.16,18.1,676,82.8,9334,90.5,85.0,53.1,40,25,30,5,55,83,4.56,17,0.93,35,28,28,11,11,0,11,11,1043,13,154,381,524,112,77,38,35,679,2352,93,48,54,36,32,732,163,19,24,9,38,99,9,15,37.5,€48.5M,69.4/76.9
13,Amadou Onana,BEL,Aston Villa,MF,24,23,17,1378.0,3,0,4,0,2.1,0.3,21,60,14,0.20,0.00,0.14,0.02,,,,,35.3,0.39,0.18,14.7,607,88.5,9552,94.3,89.8,73.0,8,56,9,1,60,27,1.76,4,0.26,47,24,26,12,14,6,8,24,858,62,233,506,133,21,17,11,3,468,1293,21,20,1,10,9,579,14,30,24,0,1,66,27,18,60.0,€62.1M,68.7/76.0
14,Andreas Pereira,BRA,Fulham,MF,29,31,23,1879.0,2,4,7,0,3.5,4.5,27,99,78,0.10,0.19,0.17,0.21,,,,,22.9,0.38,0.06,22.1,641,68.9,11658,83.6,78.3,41.0,56,64,19,4,99,101,4.84,8,0.38,22,12,40,30,16,2,14,8,1096,17,156,446,511,39,29,13,8,556,1266,27,35,8,26,21,648,78,27,23,1,168,97,12,21,36.4,€19M,75.7/75.7
15,Andrew Robertson,SCO,Liverpool,DF,31,31,27,2308.0,0,0,3,1,1.0,4.1,58,165,95,0.00,0.00,0.04,0.16,,,,,15.4,0.08,0.00,14.5,1456,83.0,24521,94.1,86.8,46.8,38,144,28,16,165,75,2.92,3,0.12,38,22,47,17,9,4,5,20,1947,86,500,882,578,50,18,7,10,1028,2588,58,48,6,25,11,1302,95,11,8,2,136,91,6,12,33.3,€24M,80.2/80.6
16,André,BRA,Wolves,MF,24,30,28,2249.0,0,0,7,0,0.4,0.7,8,95,11,0.00,0.00,0.02,0.03,,,,,11.1,0.04,0.00,25.3,1111,92.8,17503,95.3,95.4,80.0,15,101,4,0,95,45,1.80,3,0.12,80,48,57,25,41,8,33,32,1451,83,395,939,132,3,27,13,10,795,1440,8,14,0,27,17,973,11,34,32,0,0,176,2,6,25.0,€29.8M,71.5/79.3
17,André Onana,CMR,Manchester Utd,GK,29,33,33,2970.0,0,0,0,0,0.0,0.2,0,1,0,0.00,0.00,0.00,0.01,1.30,69.0,27.3,25.0,,0.00,,,920,73.1,21868,99.1,99.0,36.3,1,24,0,0,1,4,0.12,0,0.00,1,1,3,2,0,0,0,0,1323,1005,1302,22,0,0,0,0,0,932,2615,0,0,0,1,0,810,0,0,2,0,0,33,6,0,100.0,€34.2M,73.5/76.9
18,Anthony Elanga,SWE,Nott'ham Forest,"FW,MF",23,34,27,2142.0,6,9,1,0,4.0,4.7,84,52,177,0.25,0.38,0.17,0.20,,,,,50.0,0.80,0.16,17.2,452,64.9,6511,83.3,63.1,33.6,43,27,24,7,52,87,3.66,14,0.59,17,12,16,12,11,1,10,5,953,29,127,276,566,94,75,23,35,509,2210,84,42,41,67,38,637,177,8,35,14,151,82,22,33,40.0,€45.5M,75.0/82.6
19,Anthony Gordon,ENG,Newcastle Utd,FW,24,31,25,2235.0,6,5,2,0,8.0,4.9,110,93,197,0.24,0.20,0.32,0.20,,,,,28.6,0.64,0.09,16.8,671,73.3,10367,85.9,78.2,43.2,50,61,52,17,93,99,3.99,12,0.48,31,17,34,22,24,2,22,6,1178,16,115,444,638,123,96,35,45,757,3029,110,56,55,28,35,851,197,19,65,8,122,92,6,7,46.2,€49.5M,80.7/86.9
20,Antoine Semenyo,GHA,Bournemouth,FW,25,34,33,2933.0,9,5,9,0,9.3,5.8,133,106,259,0.28,0.15,0.29,0.18,,,,,31.4,1.14,0.08,17.2,737,73.2,10554,84.7,76.5,38.6,45,48,44,8,106,123,3.77,13,0.40,53,34,42,26,59,8,51,10,1503,44,187,526,824,176,125,64,52,904,3409,133,65,65,79,72,1041,259,66,36,14,52,150,61,72,45.9,€47.7M,74.1/79.3
21,Antonee Robinson,USA,Fulham,DF,28,34,33,2989.0,0,10,8,0,0.7,4.1,114,123,265,0.00,0.30,0.02,0.12,,,,,12.5,0.06,0.00,22.1,1523,76.6,26058,86.7,79.0,56.4,42,113,54,28,123,77,2.32,11,0.33,90,57,89,45,37,7,30,57,2404,128,765,911,763,67,78,34,33,1278,4057,114,60,29,41,18,1440,265,31,17,6,165,148,45,25,64.3,€46.4M,77.9/78.7
22,Archie Gray,ENG,Tottenham,"DF,MF",19,25,16,1481.0,0,0,0,0,0.0,0.1,6,34,15,0.00,0.00,0.00,0.01,,,,,100.0,0.06,0.00,24.6,940,88.3,16462,92.3,92.7,60.2,2,39,0,0,34,5,0.30,0,0.00,13,7,17,10,19,10,9,12,1179,139,564,537,88,2,11,6,4,816,1552,6,5,0,9,10,881,15,9,11,0,13,59,10,9,52.6,€58.2M,71.0/89.0
23,Ashley Young,ENG,Everton,"DF,FW",40,29,17,1622.0,1,3,6,1,0.3,1.6,20,83,27,0.06,0.17,0.01,0.09,,,,,50.0,0.17,0.17,24.5,610,69.9,11228,88.0,76.0,40.3,19,72,18,9,83,38,2.11,6,0.33,51,29,51,19,10,3,7,23,1043,52,316,452,280,9,15,5,7,415,1214,20,24,1,8,1,535,27,25,18,0,66,61,10,11,47.6,€1.3M,72.5/72.5
24,Bart Verbruggen,NED,Brighton,GK,23,33,33,2970.0,0,1,5,0,0.0,0.0,0,2,0,0.00,0.03,0.00,0.00,1.67,64.7,18.2,0.0,,0.00,,,938,76.9,22231,99.3,98.2,45.9,1,18,1,0,2,5,0.15,1,0.03,0,0,3,3,1,0,1,0,1304,1034,1291,13,0,0,2,2,0,880,1679,0,1,1,2,0,837,0,0,2,0,0,58,10,1,90.9,€30.7M,72.3/84.4
25,Ben Davies,WAL,Tottenham,DF,32,14,12,1126.0,0,0,4,0,0.3,0.2,14,50,6,0.00,0.00,0.02,0.02,,,,,20.0,0.08,0.00,17.0,793,88.3,14904,91.4,94.4,63.1,2,43,2,0,50,8,0.64,0,0.00,14,10,14,7,24,16,8,12,1038,173,543,450,45,12,1,1,0,585,1699,14,10,0,4,0,696,6,14,6,0,4,36,47,38,55.3,€5.6M,66.4/66.4
26,Ben Johnson,ENG,Ipswich Town,"DF,FW",25,22,14,1348.0,1,2,5,1,1.1,1.3,16,26,33,0.07,0.13,0.07,0.09,,,,,42.9,0.20,0.14,12.6,296,71.5,4812,86.2,74.8,49.0,12,21,3,2,26,23,1.54,5,0.33,38,22,41,21,22,5,17,13,624,60,245,219,163,12,24,8,14,259,585,16,12,3,23,17,290,33,27,6,1,37,57,19,18,51.4,€12.6M,66.6/70.6
27,Ben White,ENG,Arsenal,DF,28,14,10,941.0,0,1,2,0,0.4,0.8,11,44,28,0.00,0.10,0.04,0.08,,,,,14.3,0.10,0.00,19.1,449,83.6,7272,92.4,84.6,48.9,7,39,8,1,44,16,1.53,1,0.10,13,9,28,17,9,7,2,15,633,46,183,289,165,20,4,0,3,292,622,11,11,3,8,4,375,28,8,4,1,10,26,15,5,75.0,€58.8M,83.1/84.9
28,Bernardo Silva,POR,Manchester City,"MF,FW",31,30,26,2401.0,3,4,7,0,3.2,4.4,94,115,184,0.11,0.15,0.12,0.16,,,,,35.7,0.37,0.11,12.9,1370,87.1,20876,92.2,88.4,66.7,47,75,33,7,115,83,3.11,8,0.30,52,34,52,28,33,7,26,20,1816,48,318,739,777,131,59,27,25,1137,3650,94,60,31,21,32,1346,184,26,29,3,54,93,5,10,33.3,€50M,86.7/87.8
29,Bernd Leno,GER,Fulham,GK,33,35,35,3150.0,0,1,4,0,0.0,0.1,0,0,0,0.00,0.03,0.00,0.00,1.34,68.3,14.3,0.0,,0.00,,,1060,81.5,25878,99.5,98.9,47.5,2,16,2,0,0,5,0.14,2,0.06,2,2,2,0,1,0,1,0,1364,1097,1354,10,0,0,0,0,0,892,2023,0,0,0,0,0,799,0,0,3,0,0,48,9,0,100.0,€13.7M,74.0/74.0
30,Beto,GNB,Everton,FW,27,27,12,1268.0,7,0,2,0,6.6,0.8,12,10,66,0.50,0.00,0.47,0.06,,,,,50.0,1.42,0.18,13.2,124,57.1,1676,67.9,50.0,87.5,8,5,4,1,10,17,1.21,0,0.00,14,6,8,3,8,1,7,3,429,22,43,188,204,72,32,17,14,221,390,12,9,9,59,33,309,66,30,18,14,3,30,78,92,45.9,€24.4M,66.7/66.7
31,Bilal El Khannouss,MAR,Leicester City,MF,21,30,25,2003.0,2,3,4,0,1.1,4.1,71,119,83,0.09,0.13,0.05,0.18,,,,,21.4,0.27,0.07,22.3,735,75.2,13072,86.1,80.6,57.0,36,83,28,6,119,66,2.97,5,0.22,46,26,28,13,21,4,17,6,1172,17,166,602,416,33,53,30,20,679,1949,71,42,12,36,36,788,83,28,11,1,83,84,19,20,48.7,€40.6M,64.6/79.6
32,Boubacar Kamara,FRA,Aston Villa,MF,26,23,17,1463.0,0,0,2,0,0.4,0.9,16,74,7,0.00,0.00,0.02,0.05,,,,,14.3,0.06,0.00,21.1,738,89.2,11638,93.4,91.8,54.4,10,82,8,0,74,24,1.48,2,0.12,49,20,54,26,17,7,10,17,991,92,308,572,118,8,24,8,8,517,1121,16,11,1,10,15,673,7,25,28,0,1,73,17,23,42.5,€46.3M,78.9/82.6
33,Boubakary Soumaré,FRA,Leicester City,MF,26,28,23,1960.0,0,0,8,0,0.3,0.4,31,95,21,0.00,0.00,0.01,0.02,,,,,0.0,0.00,0.00,23.4,985,86.7,14936,92.0,87.6,69.1,11,90,13,2,95,34,1.56,3,0.14,33,18,30,12,20,8,12,24,1324,64,352,835,150,17,44,27,13,788,1881,31,16,3,20,21,929,21,21,21,0,8,130,20,9,69.0,€15.4M,69.0/74.1
34,Brennan Johnson,WAL,Tottenham,FW,24,31,23,2083.0,11,3,5,0,9.8,2.3,57,70,194,0.48,0.13,0.43,0.10,,,,,37.7,0.86,0.21,11.4,438,71.0,5790,80.5,75.7,34.4,19,25,35,6,70,46,1.99,7,0.30,39,26,31,15,25,3,22,4,825,16,89,282,466,120,44,19,22,527,1410,57,21,32,25,16,609,194,26,25,12,52,60,7,20,25.9,€71.3M,76.4/84.3
35,Bruno Fernandes,POR,Manchester Utd,MF,31,33,32,2758.0,8,9,4,2,9.5,7.6,65,281,118,0.26,0.29,0.31,0.25,,,,,30.1,0.82,0.06,21.9,1522,75.2,26743,86.7,80.4,52.6,84,176,73,11,281,169,5.51,12,0.39,76,47,75,46,32,4,28,25,2394,59,398,1130,888,71,65,27,32,1379,3436,65,60,11,38,37,1665,118,26,37,2,172,192,21,28,42.9,€54.8M,79.8/79.9
36,Bruno Guimarães,BRA,Newcastle Utd,MF,28,35,35,3002.0,4,6,6,0,3.9,5.8,54,247,81,0.12,0.18,0.12,0.17,,,,,25.6,0.30,0.10,16.3,1334,82.1,22040,90.6,87.5,56.8,47,162,70,6,247,121,3.63,17,0.51,75,43,64,33,34,9,25,27,2013,75,409,1035,592,74,75,34,24,1298,3108,54,40,12,53,73,1507,81,57,100,2,25,167,18,17,51.4,€83.2M,80.9/82.6
37,Bryan Mbeumo,CMR,Brentford,FW,26,35,35,3144.0,18,6,3,0,10.8,8.0,117,128,318,0.52,0.17,0.31,0.23,,,,,42.3,0.86,0.18,17.7,809,66.6,12846,79.1,72.0,37.0,66,55,55,16,128,134,3.84,18,0.52,45,29,31,13,24,3,21,14,1633,54,232,516,914,149,99,46,41,983,3230,117,63,68,99,40,1108,318,23,43,11,182,143,34,69,33.0,€57.2M,81.2/85.9
38,Bukayo Saka,ENG,Arsenal,"FW,MF",24,22,18,1539.0,6,10,3,0,6.3,6.8,82,62,233,0.35,0.58,0.37,0.40,,,,,34.5,1.17,0.09,15.5,488,75.2,7524,90.1,73.1,47.7,50,13,32,10,62,102,5.97,22,1.29,24,13,22,11,21,0,21,3,875,6,52,192,639,146,84,37,35,558,2133,82,28,45,29,38,635,233,14,38,5,110,65,8,19,29.6,€101.3M,87.2/96.9
39,Caleb Okoli,ITA,Leicester City,DF,24,18,12,1124.0,1,0,4,0,0.6,0.0,3,32,2,0.08,0.00,0.05,0.00,,,,,50.0,0.16,0.25,13.5,558,86.4,9738,91.3,91.0,55.4,0,21,1,0,32,4,0.32,0,0.00,25,14,18,7,24,14,10,15,804,152,450,324,35,10,0,0,0,467,1106,3,6,0,10,2,483,2,16,9,0,1,44,23,21,52.3,€16.7M,64.3/73.0
40,Callum Hudson-Odoi,ENG,Nott'ham Forest,"FW,MF",25,29,25,2152.0,5,2,2,0,2.5,2.7,127,66,186,0.21,0.08,0.10,0.11,,,,,45.9,0.71,0.14,18.3,674,82.2,9918,92.1,81.8,51.2,44,36,31,11,66,94,3.93,11,0.46,20,14,17,6,11,0,11,13,1005,15,111,324,595,72,62,36,18,626,3335,127,61,45,44,23,764,186,12,22,8,75,91,3,10,23.1,€30.2M,81.4/86.4
41,Calvin Bassey,NGA,Fulham,DF,26,33,32,2894.0,1,0,7,0,1.0,0.1,36,107,15,0.03,0.00,0.03,0.00,,,,,28.6,0.12,0.07,15.3,1822,89.8,32168,95.1,94.0,61.5,3,143,2,0,107,23,0.72,3,0.09,52,33,30,9,37,17,20,18,2317,308,1127,1090,124,19,31,14,10,1487,4539,36,18,5,32,8,1620,15,26,31,2,7,156,40,31,56.3,€29.9M,73.3/79.3
42,Cameron Archer,ENG,Southampton,FW,24,32,13,1373.0,2,0,0,0,5.1,0.4,19,14,64,0.13,0.00,0.33,0.02,,,,,33.3,0.59,0.07,13.1,189,81.1,2474,85.6,91.4,55.6,3,6,7,0,14,17,1.12,0,0.00,11,7,9,7,5,1,4,2,362,16,59,161,145,50,32,14,17,210,499,19,9,14,34,25,256,64,16,12,7,3,34,8,28,22.2,€18.6M,66.2/73.8
43,Cameron Burgess,AUS,Ipswich Town,DF,30,17,15,1451.0,0,2,0,0,0.7,0.5,2,41,4,0.00,0.12,0.04,0.03,,,,,11.1,0.06,0.00,9.7,590,80.9,10830,90.9,87.0,50.8,7,45,4,0,41,13,0.81,3,0.19,15,10,9,2,18,13,5,14,919,221,562,312,47,23,0,0,0,416,990,2,4,0,3,0,539,4,5,4,1,0,40,43,22,66.2,€1.7M,61.7/62.8
44,Carlos Baleba,CMR,Brighton,MF,21,31,28,2403.0,3,1,8,1,3.0,1.3,40,111,27,0.11,0.04,0.11,0.05,,,,,26.8,0.41,0.07,25.3,1048,87.2,17638,92.6,91.7,62.3,20,103,22,2,111,60,2.25,4,0.15,71,41,72,28,44,10,34,40,1556,88,375,917,303,12,52,31,18,885,2588,40,40,3,37,37,944,27,38,44,0,8,176,38,24,61.3,€52.4M,73.7/87.5
45,Carlos Soler,ESP,West Ham,"MF,FW",28,29,14,1358.0,1,1,5,0,1.7,1.2,16,52,33,0.07,0.07,0.11,0.08,,,,,29.2,0.46,0.04,19.1,535,85.1,8339,94.4,85.5,53.7,14,41,11,0,52,47,3.12,2,0.13,15,11,23,16,19,6,13,8,747,26,173,390,189,23,18,8,9,341,714,16,16,4,12,14,506,33,24,18,0,32,64,9,11,45.0,€23.4M,71.4/71.6
46,Casemiro,BRA,Manchester Utd,MF,33,22,16,1335.0,1,0,3,0,1.7,2.3,4,70,26,0.07,0.00,0.11,0.15,,,,,28.6,0.54,0.04,18.8,670,78.5,11089,86.4,83.7,59.8,20,68,20,6,70,49,3.31,3,0.20,77,46,66,25,33,10,23,12,1091,69,327,555,217,38,6,3,3,575,823,4,10,0,10,10,697,26,17,18,3,19,89,31,17,64.6,€11.6M,72.4/72.4
47,Chris Richards,USA,Crystal Palace,DF,25,20,18,1562.0,1,0,4,1,1.2,0.1,5,34,1,0.06,0.00,0.07,0.01,,,,,50.0,0.29,0.10,11.8,583,81.1,10347,89.2,90.3,44.2,2,20,0,0,34,7,0.40,2,0.12,42,27,38,15,35,13,22,10,935,111,513,371,56,15,6,1,5,433,850,5,5,0,5,5,525,1,11,4,1,1,48,33,35,48.5,€15.7M,71.1/75.3
48,Chris Wood,NZL,Nott'ham Forest,FW,34,32,31,2599.0,19,3,1,0,11.4,2.4,13,34,79,0.66,0.10,0.40,0.08,,,,,56.6,1.04,0.30,14.2,277,66.1,3819,71.3,65.1,71.4,18,15,8,1,34,39,1.35,5,0.17,4,4,8,7,11,7,4,5,662,33,79,318,267,85,12,4,7,327,434,13,10,5,67,24,486,79,22,20,26,1,42,82,123,40.0,€7.8M,73.1/73.1
49,Christian Nørgaard,DEN,Brentford,MF,31,31,31,2549.0,5,3,6,1,4.0,1.0,12,133,37,0.18,0.11,0.14,0.04,,,,,34.3,0.42,0.14,14.3,1048,81.3,17374,87.0,85.1,58.6,17,127,24,4,133,49,1.73,10,0.35,75,45,71,27,51,19,32,45,1637,161,561,779,312,52,13,6,5,738,1204,12,12,4,31,18,974,37,41,28,1,15,179,44,29,60.3,€14.4M,73.7/73.7
50,Christopher Nkunku,FRA,Chelsea,FW,28,27,9,921.0,3,2,2,0,4.8,2.1,17,25,68,0.29,0.20,0.47,0.21,,,,,44.0,1.07,0.12,12.6,299,89.5,3928,91.6,92.2,100.0,14,26,7,0,25,34,3.32,4,0.39,12,8,8,2,9,2,7,7,448,10,52,183,217,52,27,10,14,280,628,17,16,13,18,17,356,68,16,11,3,4,29,16,22,42.1,€51.7M,79.1/81.0
51,Cody Gakpo,NED,Liverpool,FW,26,32,20,1717.0,9,3,5,0,6.5,3.5,51,52,252,0.47,0.16,0.34,0.18,,,,,41.2,1.10,0.18,15.2,439,75.8,6272,86.6,66.5,54.8,33,22,27,8,52,71,3.72,7,0.37,26,14,23,12,19,2,17,11,795,21,75,230,506,90,49,29,15,538,1973,51,32,20,38,20,606,252,17,25,5,68,66,15,24,38.5,€67.5M,86.3/89.3
52,Cole Palmer,ENG,Chelsea,MF,23,34,33,2921.0,15,8,6,0,16.8,10.0,108,201,169,0.46,0.25,0.52,0.31,,,,,35.7,1.26,0.10,20.2,1043,76.9,19874,85.8,84.8,60.0,82,152,62,17,201,188,5.79,15,0.46,27,17,23,14,14,1,13,11,1692,20,140,757,817,133,104,48,41,1068,3461,108,67,39,63,34,1247,169,13,57,6,134,100,1,7,12.5,€115.4M,80.1/92.5
53,Conor Coady,ENG,Leicester City,DF,32,19,16,1444.0,0,0,2,0,0.1,0.1,3,30,0,0.00,0.00,0.01,0.00,,,,,100.0,0.06,0.00,9.2,829,90.9,14352,97.0,96.6,52.7,1,32,2,0,30,5,0.31,0,0.00,12,8,6,3,27,20,7,13,1036,199,569,450,18,6,2,1,1,676,1556,3,3,1,4,2,762,0,7,2,1,0,50,13,19,40.6,€2.2M,61.3/61.3
54,Craig Dawson,ENG,Wolves,DF,35,15,10,971.0,0,0,2,0,0.5,0.0,6,20,5,0.00,0.00,0.05,0.00,,,,,20.0,0.09,0.00,8.5,484,86.6,9745,92.5,93.0,60.0,2,22,1,0,20,7,0.65,2,0.19,15,3,15,3,16,11,5,9,671,130,396,249,28,14,5,1,2,390,938,6,1,0,2,0,443,5,6,5,2,0,35,21,11,65.6,€1.5M,64.4/64.4
55,Cristian Romero,ARG,Tottenham,DF,27,18,18,1416.0,1,0,3,0,1.6,0.6,12,71,3,0.06,0.00,0.10,0.04,,,,,50.0,0.51,0.06,9.1,1094,89.5,20402,91.4,94.7,63.5,7,109,8,1,71,20,1.27,4,0.25,35,29,30,9,18,3,15,21,1377,157,594,720,74,23,4,1,2,896,2893,12,18,0,10,5,936,3,14,12,2,3,90,41,27,60.3,€60.1M,72.6/74.8
56,Curtis Jones,ENG,Liverpool,"MF,DF",24,30,17,1528.0,3,3,3,1,4.1,1.0,24,95,71,0.18,0.18,0.24,0.06,,,,,38.7,0.71,0.10,16.9,907,93.3,13243,96.8,92.7,75.0,19,72,17,0,95,42,2.47,7,0.41,36,20,24,8,16,7,9,6,1140,31,186,611,349,52,19,11,7,696,1566,24,17,6,23,32,862,71,17,24,1,6,86,13,12,52.0,€61.7M,77.9/84.0
57,Daichi Kamada,JPN,Crystal Palace,MF,29,30,13,1338.0,0,0,3,1,1.0,1.8,23,73,52,0.00,0.00,0.07,0.12,,,,,23.5,0.27,0.00,19.4,511,79.5,8122,87.9,82.0,55.1,19,39,13,2,73,46,3.09,3,0.20,43,25,37,25,19,4,15,16,804,18,172,420,217,28,13,4,7,403,949,23,17,4,13,18,518,52,25,17,2,27,67,3,12,20.0,€14.6M,71.5/71.5
58,Dan Burn,ENG,Newcastle Utd,DF,33,34,34,3060.0,1,0,10,0,1.7,0.9,9,59,10,0.03,0.00,0.05,0.03,,,,,25.0,0.15,0.05,9.9,1630,88.9,29674,90.3,94.7,61.3,8,39,7,0,59,21,0.62,3,0.09,34,19,32,15,32,23,9,25,2184,344,1220,861,109,49,4,3,1,1246,2498,9,5,1,23,3,1470,10,30,11,5,3,95,134,65,67.3,€9.1M,77.0/77.0
59,Dango Ouattara,BFA,Bournemouth,FW,23,32,21,2005.0,7,4,3,0,8.4,5.5,79,43,191,0.31,0.18,0.38,0.25,,,,,32.3,0.90,0.11,13.5,367,60.0,5725,72.9,62.2,37.3,35,21,26,11,43,72,3.23,6,0.27,35,26,41,24,36,10,26,11,959,62,165,316,497,128,82,39,34,492,1777,79,35,38,63,32,577,191,16,19,14,88,92,45,63,41.7,€28.5M,72.9/80.4
60,Daniel Muñoz,COL,Crystal Palace,DF,29,33,33,2868.0,4,4,9,0,4.6,4.4,49,83,183,0.13,0.13,0.14,0.14,,,,,37.5,0.38,0.13,12.3,1004,75.8,15308,85.7,77.1,44.3,39,53,31,13,83,74,2.32,9,0.28,109,70,86,37,35,3,32,39,1788,107,508,743,556,89,50,19,29,695,1461,49,32,15,50,18,846,183,47,19,13,60,149,56,73,43.4,€30.9M,77.5/77.5
61,Danny Welbeck,ENG,Brighton,FW,35,28,22,1942.0,9,4,5,0,8.1,1.2,19,42,83,0.42,0.19,0.38,0.06,,,,,37.7,0.93,0.17,15.2,368,84.2,4306,86.3,87.0,100.0,19,17,13,0,42,44,2.04,6,0.28,23,14,18,11,17,2,15,5,648,15,50,277,326,90,36,12,21,395,777,19,20,7,45,25,483,83,11,22,4,3,40,15,29,34.1,€6M,72.1/72.1
62,Dara O'Shea,IRL,Ipswich Town,DF,26,32,32,2852.0,0,2,6,0,1.2,0.5,3,71,8,0.00,0.06,0.04,0.02,,,,,10.0,0.06,0.00,13.6,1112,77.7,22113,86.7,84.8,50.0,3,83,3,1,71,22,0.69,4,0.13,47,30,31,11,59,47,12,31,1841,361,1065,663,118,48,2,1,1,805,1751,3,2,0,11,4,1048,8,18,22,3,7,101,103,79,56.6,€19.5M,64.8/69.8
63,Darwin Núñez,URU,Liverpool,FW,26,27,8,1051.0,5,2,8,0,5.3,1.2,22,27,69,0.43,0.17,0.45,0.11,,,,,36.4,1.03,0.15,14.3,152,70.4,2274,79.6,73.4,66.7,9,9,2,0,27,27,2.31,4,0.34,19,16,16,10,6,0,6,3,341,10,44,114,193,66,21,8,12,184,529,22,17,12,21,19,229,69,27,14,11,2,39,18,29,38.3,€60.9M,80.5/84.1
64,David Raya,ESP,Arsenal,GK,30,35,35,3150.0,0,0,2,0,0.0,0.0,0,13,0,0.00,0.00,0.00,0.00,0.89,74.1,34.3,0.0,,0.00,,,979,74.6,23137,98.9,98.3,38.2,0,41,2,0,13,4,0.11,1,0.03,0,0,2,2,0,0,0,2,1367,802,1284,83,0,0,1,1,0,856,2563,0,0,0,1,0,789,0,1,9,0,0,38,10,0,100.0,€28.9M,86.5/86.5
65,Dean Henderson,ENG,Crystal Palace,GK,28,34,34,3060.0,0,0,3,0,0.0,0.1,0,0,0,0.00,0.00,0.00,0.00,1.38,66.9,29.4,50.0,0.0,0.00,0.00,14.9,672,61.8,18496,99.4,99.4,31.3,2,20,1,0,0,3,0.09,0,0.00,2,1,6,4,0,0,0,0,1173,954,1169,3,1,1,0,0,0,674,1919,0,0,0,2,0,510,0,0,0,0,0,25,11,1,91.7,€22.7M,78.0/78.0
66,Dean Huijsen,ESP,Bournemouth,DF,20,29,24,2234.0,3,1,8,0,1.9,2.0,36,116,10,0.12,0.04,0.08,0.08,,,,,16.7,0.12,0.17,11.9,1204,83.4,24235,89.0,91.6,59.3,14,146,7,2,116,40,1.61,3,0.12,33,23,25,10,36,28,8,49,1803,238,820,861,131,30,5,2,3,992,3937,36,26,0,18,1,1117,10,29,10,2,12,96,64,41,61.0,€55M,65.2/82.3
67,Declan Rice,ENG,Arsenal,MF,26,33,31,2645.0,3,7,7,1,3.3,6.5,88,180,92,0.10,0.24,0.11,0.22,,,,,25.0,0.37,0.07,19.3,1304,83.5,22238,92.0,90.5,48.9,56,126,35,5,180,106,3.61,10,0.34,52,24,37,21,24,11,13,25,1839,71,302,863,693,77,28,13,14,977,3274,88,54,16,36,29,1204,92,20,16,2,157,143,31,24,56.4,€107.8M,83.7/86.6
68,Dejan Kulusevski,SWE,Tottenham,"MF,FW",25,31,26,2371.0,7,4,3,0,4.2,6.2,119,124,210,0.27,0.15,0.16,0.23,,,,,37.0,0.65,0.15,14.8,657,73.7,9214,86.2,78.0,41.3,65,62,52,6,124,127,4.82,9,0.34,45,23,51,31,34,5,29,13,1273,24,150,431,716,157,117,38,71,821,3204,119,67,40,75,73,894,210,47,38,5,89,119,10,15,40.0,€60.5M,86.7/91.7
69,Destiny Udogie,ITA,Tottenham,DF,23,24,23,1834.0,0,1,2,0,0.3,1.5,54,120,93,0.00,0.05,0.01,0.07,,,,,20.0,0.05,0.00,15.1,947,87.4,13710,91.3,90.4,80.0,16,88,6,1,120,35,1.72,3,0.15,74,47,47,14,40,6,34,21,1336,60,377,591,383,49,32,13,16,735,2290,54,39,12,32,19,796,93,29,38,2,19,109,13,13,50.0,€59.4M,78.5/90.3
70,Diogo Dalot,POR,Manchester Utd,DF,26,32,31,2788.0,0,3,5,0,2.0,2.0,62,102,164,0.00,0.10,0.06,0.07,,,,,21.7,0.16,0.00,15.6,1336,80.5,21497,89.9,81.9,55.4,26,61,25,8,102,74,2.39,5,0.16,67,39,52,18,22,9,13,37,1965,113,658,767,557,66,53,27,22,1111,2684,62,37,16,37,21,1186,164,40,9,4,65,164,38,21,64.4,€37.4M,73.1/77.0
71,Diogo Jota,POR,Liverpool,FW,29,24,14,1154.0,6,3,2,0,7.6,1.8,36,33,86,0.47,0.23,0.59,0.14,,,,,27.1,1.01,0.13,12.3,205,69.7,3120,76.2,75.0,61.9,11,29,3,1,33,35,2.73,9,0.70,14,8,19,12,9,0,9,7,458,5,30,189,246,93,31,11,19,251,753,36,21,20,37,22,317,86,22,14,1,8,40,22,30,42.3,€58.6M,83.2/83.6
72,Djed Spence,ENG,Tottenham,DF,25,22,17,1604.0,1,2,4,1,0.6,1.8,56,100,70,0.06,0.11,0.03,0.10,,,,,30.0,0.17,0.10,23.9,920,85.4,13162,93.7,85.8,51.7,11,74,18,8,100,28,1.57,5,0.28,40,30,27,7,24,9,15,18,1314,72,448,598,288,25,70,34,29,742,2372,56,41,7,25,31,811,70,20,23,2,25,101,20,13,60.6,€19.8M,72.5/76.5
73,Dominic Calvert-Lewin,ENG,Everton,FW,28,23,19,1588.0,3,1,2,0,6.2,0.6,22,19,107,0.17,0.06,0.35,0.04,,,,,36.2,0.96,0.06,12.3,177,62.8,2075,69.9,59.0,37.5,7,19,5,1,19,25,1.42,4,0.23,9,7,6,4,6,2,4,6,499,22,39,208,257,83,25,10,13,272,444,22,8,16,73,33,407,107,27,23,27,6,32,84,80,51.2,€17.8M,67.6/68.8
74,Dominic Solanke,ENG,Tottenham,FW,28,25,24,2119.0,8,3,0,0,10.1,2.9,29,45,88,0.34,0.13,0.43,0.13,,,,,40.7,1.02,0.14,12.1,250,71.0,3344,76.1,77.1,66.7,14,27,9,0,45,37,1.57,8,0.34,18,11,14,10,18,7,11,0,636,31,68,290,284,111,50,16,31,374,803,29,21,14,67,47,448,88,36,36,5,4,37,44,59,42.7,€52.1M,79.5/80.2
75,Dominik Szoboszlai,HUN,Liverpool,MF,25,33,26,2279.0,5,5,6,0,7.1,6.2,65,118,120,0.20,0.20,0.28,0.24,,,,,32.3,0.79,0.08,18.5,1028,84.6,15906,89.2,88.3,72.2,51,80,31,5,118,108,4.27,14,0.55,31,20,39,24,36,4,32,9,1449,24,188,703,576,96,35,19,13,738,2119,65,46,17,34,21,989,120,37,23,4,34,122,18,22,45.0,€71.4M,86.9/93.8
76,Dwight McNeil,ENG,Everton,"MF,FW",26,18,14,1262.0,4,4,1,0,1.1,3.8,35,63,74,0.29,0.29,0.08,0.27,,,,,40.0,0.71,0.16,21.9,420,73.7,7795,86.7,81.8,52.3,33,38,33,10,63,63,4.49,7,0.50,11,6,19,11,7,0,7,5,688,4,67,298,339,24,40,21,18,406,1041,35,30,5,24,29,468,74,6,14,1,97,71,3,15,16.7,€27M,70.8/75.4
77,Eberechi Eze,ENG,Crystal Palace,"MF,FW",27,30,28,2337.0,4,8,1,0,8.2,5.2,65,85,141,0.15,0.31,0.31,0.20,,,,,25.8,0.92,0.04,21.5,707,74.6,11848,85.3,83.4,43.2,53,46,32,3,85,119,4.58,9,0.35,37,22,35,18,26,0,26,11,1289,15,172,611,537,86,125,61,57,771,2178,65,43,21,52,44,840,141,11,46,9,100,128,6,36,14.3,€62.2M,74.9/75.8
78,Ederson,BRA,Manchester City,GK,32,23,23,2050.0,0,4,3,0,0.0,1.5,0,1,0,0.00,0.18,0.00,0.07,1.10,68.5,34.8,0.0,,0.00,,,730,88.2,17943,100.0,98.4,66.3,4,20,1,0,1,6,0.26,4,0.18,0,0,2,2,0,0,0,1,875,619,866,9,0,0,0,0,0,590,1732,0,0,0,1,0,560,0,1,0,0,0,38,4,1,80.0,€19.1M,80.2/80.2
79,Edson Álvarez,MEX,West Ham,MF,28,25,19,1633.0,0,1,8,1,0.3,0.8,21,75,18,0.00,0.06,0.02,0.04,,,,,9.1,0.06,0.00,26.7,763,85.7,12894,88.8,89.7,73.5,11,80,11,3,75,25,1.38,2,0.11,44,23,33,18,21,8,13,16,1101,61,323,612,174,12,31,14,12,603,1528,21,20,2,25,13,734,18,37,18,4,6,78,28,20,58.3,€36.5M,70.8/71.7
80,Elliot Anderson,ENG,Nott'ham Forest,MF,23,33,29,2377.0,2,6,7,0,1.7,3.1,44,118,82,0.08,0.23,0.06,0.12,,,,,20.0,0.27,0.06,19.8,895,77.8,14190,89.1,80.0,46.4,34,93,18,2,118,76,2.88,10,0.38,79,50,94,52,41,8,33,28,1529,88,362,718,477,59,69,35,26,774,1992,44,29,18,54,38,900,82,40,54,4,73,186,43,22,66.2,€46.5M,79.6/89.8
81,Emerson Palmieri,ITA,West Ham,DF,31,30,26,2105.0,2,1,5,0,2.0,1.5,46,66,83,0.09,0.04,0.08,0.06,,,,,43.8,0.30,0.13,19.0,856,79.9,12480,89.8,81.3,42.2,16,51,13,5,66,41,1.75,2,0.09,60,31,48,21,32,8,24,21,1319,82,419,556,359,28,30,10,17,551,1708,46,25,9,24,7,743,83,25,13,0,64,84,18,20,47.4,€12.6M,67.0/67.0
82,Emile Smith Rowe,ENG,Fulham,MF,25,31,23,1886.0,6,2,2,0,4.4,1.1,50,120,115,0.29,0.10,0.21,0.05,,,,,28.6,0.48,0.17,15.6,844,90.1,12107,92.1,95.4,70.4,18,76,15,1,120,65,3.10,11,0.52,31,18,24,16,20,2,18,11,1128,20,155,534,449,55,33,16,15,734,1838,50,38,11,35,13,867,115,18,12,4,13,69,6,17,26.1,€40.8M,75.7/80.3
83,Emiliano Martínez,ARG,Aston Villa,GK,33,34,34,2970.0,0,0,4,0,0.0,0.5,0,4,0,0.00,0.00,0.00,0.02,1.36,66.7,17.6,50.0,,0.00,,,1018,79.1,26608,97.8,98.2,50.1,2,24,0,0,4,6,0.18,1,0.03,3,3,2,0,1,0,1,0,1348,1015,1329,19,0,0,1,1,0,820,2626,0,0,0,1,0,738,0,1,5,0,0,29,8,1,88.9,€17.5M,74.2/74.2
84,Emmanuel Agbadou,CIV,Wolves,DF,28,13,13,1140.0,0,0,2,0,0.3,0.2,3,22,1,0.00,0.00,0.02,0.02,,,,,16.7,0.08,0.00,31.8,663,85.0,13505,91.7,92.7,61.0,4,26,1,0,22,15,1.18,2,0.16,27,18,17,6,16,12,4,9,924,155,527,381,22,5,10,7,2,572,1230,3,3,0,3,3,615,1,5,4,1,1,66,22,16,57.9,€18M,68.7/68.7
85,Enzo Fernández,ARG,Chelsea,MF,24,33,29,2677.0,6,7,7,0,5.9,6.5,57,199,116,0.20,0.24,0.20,0.22,,,,,37.3,0.64,0.12,18.2,1428,80.0,25388,88.9,85.0,58.0,73,156,39,7,199,141,4.74,16,0.54,63,32,82,51,36,7,29,13,2069,36,326,1049,708,76,46,21,18,1130,2551,57,53,8,27,27,1519,116,47,48,1,105,147,14,28,33.3,€73.7M,75.1/82.7
86,Erling Haaland,NOR,Manchester City,FW,25,28,28,2480.0,21,3,2,0,20.8,2.8,19,18,103,0.76,0.11,0.76,0.10,,,,,54.5,1.96,0.19,12.2,225,66.0,2706,70.6,66.7,66.7,26,9,7,1,18,62,2.25,9,0.33,9,5,6,4,11,1,10,5,578,22,39,200,344,170,32,11,19,272,478,19,14,19,39,25,427,103,22,12,4,3,29,49,45,52.1,€198.8M,92.8/100.0
87,Ethan Pinnock,JAM,Brentford,DF,32,22,21,1913.0,2,0,2,0,1.1,1.2,3,41,9,0.09,0.00,0.05,0.05,,,,,60.0,0.28,0.20,11.1,924,85.6,17045,94.2,89.4,57.9,8,48,4,1,41,21,0.99,0,0.00,35,19,24,11,29,18,11,24,1348,294,783,457,109,24,9,3,6,633,1633,3,4,0,2,4,760,9,8,4,0,9,50,63,43,59.4,€7.6M,70.5/70.5
88,Evanilson,BRA,Bournemouth,FW,26,28,25,2058.0,10,1,1,1,11.6,1.6,28,24,88,0.44,0.04,0.51,0.07,,,,,43.9,1.27,0.15,13.0,215,70.0,2631,75.3,73.0,66.7,23,14,3,0,24,56,2.45,8,0.35,16,10,12,4,10,2,8,0,505,23,50,195,263,116,19,6,7,300,820,28,17,14,31,22,358,88,33,45,17,0,59,39,58,40.2,€26.9M,73.4/77.4
89,Ezri Konsa,ENG,Aston Villa,DF,28,31,30,2666.0,1,0,0,0,0.9,0.4,17,77,11,0.03,0.00,0.03,0.01,,,,,33.3,0.10,0.11,9.1,1425,92.8,23907,96.4,95.7,65.5,5,95,1,0,77,23,0.78,3,0.10,32,17,22,4,18,10,8,21,1756,224,826,839,100,20,18,8,7,1021,2561,17,12,2,17,10,1223,11,6,42,0,5,89,31,22,58.5,€42.7M,75.9/76.1
90,Fabian Schär,SUI,Newcastle Utd,DF,34,31,30,2664.0,4,0,7,1,2.4,0.4,14,102,18,0.14,0.00,0.08,0.01,,,,,32.3,0.34,0.13,21.2,1518,83.8,30536,92.3,92.7,52.3,5,145,10,0,102,32,1.08,4,0.14,34,21,34,20,37,24,13,41,2111,239,1089,900,133,33,12,8,2,1331,3403,14,23,2,11,6,1474,18,32,12,4,10,125,46,61,43.0,€11M,70.9/70.9
91,Facundo Buonanotte,ARG,Leicester City,"FW,MF",21,29,14,1474.0,4,2,7,0,3.8,3.1,38,52,69,0.24,0.12,0.23,0.19,,,,,29.4,0.61,0.12,17.8,430,76.6,6782,85.7,81.9,48.6,24,40,13,2,52,50,3.05,4,0.24,53,32,67,46,32,6,26,11,850,26,127,436,300,36,79,26,49,465,1321,38,26,8,53,39,515,69,35,33,3,41,77,17,35,32.7,€30.7M,66.8/84.2
92,Flynn Downes,ENG,Southampton,MF,26,24,22,1881.0,1,0,10,0,0.6,1.1,25,63,28,0.05,0.00,0.03,0.05,,,,,30.0,0.14,0.10,18.7,890,90.1,13048,92.7,92.1,68.8,15,54,12,0,63,30,1.44,2,0.10,44,24,32,18,24,6,18,30,1184,77,351,632,210,21,15,5,7,567,1610,25,21,4,13,17,840,28,46,35,0,3,75,14,13,51.9,€9.2M,64.6/68.0
93,Gabriel Magalhães,BRA,Arsenal,DF,28,28,28,2363.0,3,1,4,0,2.6,0.9,10,126,11,0.11,0.04,0.10,0.03,,,,,22.7,0.19,0.14,9.5,1480,90.2,25788,96.9,94.2,53.9,13,145,8,0,126,35,1.33,6,0.23,25,15,16,4,42,29,13,16,1873,189,672,985,225,40,5,4,1,1116,2669,10,22,0,9,2,1366,11,19,19,0,9,63,53,37,58.9,€75.5M,84.8/86.5
94,Gabriel Martinelli,BRA,Arsenal,"FW,MF",24,30,22,2041.0,7,4,1,0,5.9,4.7,112,47,267,0.31,0.18,0.26,0.21,,,,,42.6,0.88,0.15,13.3,446,71.0,6480,83.5,69.8,49.0,37,11,32,13,47,66,2.91,6,0.26,20,15,23,16,10,0,10,4,889,15,87,229,586,168,106,32,58,597,2355,112,30,59,49,33,678,267,14,20,8,83,72,15,30,33.3,€62.6M,87.7/96.4
95,Georginio Rutter,FRA,Brighton,"MF,FW",23,28,19,1656.0,5,3,2,0,4.6,2.5,42,67,79,0.27,0.16,0.25,0.14,,,,,24.0,0.65,0.10,15.5,237,66.8,3344,77.0,66.7,62.5,19,30,16,1,67,64,3.47,8,0.43,39,15,36,22,20,3,17,10,641,20,83,246,326,79,71,27,34,361,1405,42,36,16,45,37,411,79,34,45,7,9,66,25,46,35.2,€41.3M,72.1/79.0
96,Guglielmo Vicario,ITA,Tottenham,GK,29,23,23,2070.0,0,0,1,0,0.0,0.0,0,1,0,0.00,0.00,0.00,0.00,1.43,64.9,17.4,,,0.00,,,738,87.8,14590,99.1,97.0,50.3,0,1,0,0,1,4,0.17,0,0.00,0,0,0,0,0,0,0,1,893,599,874,19,0,0,1,1,0,635,1631,0,0,0,0,0,574,0,0,2,0,0,33,9,0,100.0,€41.6M,72.3/72.3
97,Guido Rodríguez,ARG,West Ham,MF,31,20,14,1018.0,0,0,5,0,0.2,0.1,2,31,5,0.00,0.00,0.02,0.01,,,,,12.5,0.09,0.00,27.8,419,84.1,7149,87.4,91.4,62.7,3,36,1,0,31,10,0.88,0,0.00,30,16,30,16,21,9,12,12,617,42,196,366,56,2,3,2,0,284,392,2,5,0,2,6,354,5,15,11,1,4,46,8,7,53.3,€13.6M,71.6/71.6
98,Harry Maguire,ENG,Manchester Utd,DF,32,24,17,1539.0,1,0,7,0,1.4,0.3,6,43,7,0.06,0.00,0.08,0.01,,,,,41.7,0.29,0.08,7.9,832,85.9,15473,91.7,90.6,57.1,6,43,3,0,43,17,0.99,0,0.00,26,13,18,5,14,12,2,37,1146,137,572,524,65,38,5,2,3,677,1673,6,7,3,7,2,738,7,17,9,1,3,57,52,22,70.3,€13.7M,67.6/68.2
99,Harry Wilson,WAL,Fulham,"FW,MF",28,22,10,1003.0,5,1,2,0,3.7,1.1,17,48,83,0.45,0.09,0.33,0.10,,,,,34.4,0.99,0.16,17.3,297,73.9,4995,85.4,78.5,42.9,19,25,13,1,48,37,3.32,3,0.27,14,9,15,6,13,1,12,5,516,9,67,185,273,48,24,9,10,299,693,17,18,8,14,5,342,83,10,20,1,38,50,4,18,18.2,€14.5M,76.0/76.0
100,Harry Winks,ENG,Leicester City,MF,29,22,17,1538.0,0,2,4,0,0.2,1.2,19,101,11,0.00,0.12,0.01,0.07,,,,,40.0,0.23,0.00,29.2,910,87.1,14101,92.2,91.2,57.9,17,110,7,5,101,39,2.28,3,0.18,24,11,30,17,19,7,12,9,1158,49,275,746,151,1,12,3,8,696,1522,19,13,0,13,8,827,11,9,13,0,34,106,8,6,57.1,€11.4M,68.2/68.4
101,Harvey Barnes,ENG,Newcastle Utd,FW,28,30,14,1503.0,9,4,0,0,6.6,3.9,80,72,172,0.54,0.24,0.39,0.23,,,,,32.7,1.08,0.16,15.0,420,78.8,5863,87.3,73.5,63.2,23,22,36,8,72,57,3.40,9,0.54,16,9,10,7,7,1,6,6,709,15,84,232,398,109,58,22,29,498,2160,80,41,44,26,20,567,172,11,20,5,41,49,5,14,26.3,€41.5M,78.2/78.6
102,Ian Maatsen,NED,Aston Villa,DF,23,26,8,957.0,1,2,2,0,0.8,2.7,27,40,91,0.09,0.19,0.07,0.25,,,,,29.4,0.47,0.06,22.3,530,81.8,8558,88.4,86.5,54.3,18,20,15,3,40,49,4.60,7,0.66,27,15,22,6,11,0,11,15,797,47,216,294,297,41,23,11,12,429,1037,27,15,11,20,21,486,91,9,9,3,48,61,8,6,57.1,€40.6M,76.1/84.5
103,Ibrahima Konaté,FRA,Liverpool,DF,26,28,27,2320.0,1,2,5,0,1.7,1.0,21,103,3,0.04,0.08,0.07,0.04,,,,,16.7,0.12,0.06,10.5,1581,90.3,29259,93.7,95.1,55.7,10,125,8,0,103,30,1.16,7,0.27,36,25,34,10,27,15,12,12,2005,211,854,1047,110,22,4,2,1,1184,3160,21,13,0,8,2,1454,3,26,18,0,0,86,72,28,72.0,€57.2M,81.4/85.4
104,Iliman Ndiaye,SEN,Everton,FW,25,30,27,2252.0,7,0,3,0,5.2,1.6,81,50,115,0.28,0.00,0.21,0.06,,,,,40.6,0.52,0.16,17.4,543,80.8,8134,86.1,86.1,68.0,17,35,14,5,50,59,2.36,5,0.20,48,25,45,26,27,5,22,17,1000,34,202,411,435,77,137,63,64,575,2221,81,41,30,49,43,612,115,24,47,5,38,163,6,19,24.0,€25.7M,68.5/72.9
105,Illia Zabarnyi,UKR,Bournemouth,DF,23,33,32,2842.0,0,0,3,1,1.1,0.6,25,128,4,0.00,0.00,0.03,0.02,,,,,0.0,0.00,0.00,9.8,1262,81.6,26615,90.5,90.8,52.8,11,134,6,0,128,28,0.89,0,0.00,46,32,44,14,33,20,13,38,1869,218,860,961,69,13,8,5,2,1158,4451,25,20,0,14,3,1168,4,18,6,0,5,143,72,40,64.3,€58.8M,75.3/88.1
106,Issa Diop,FRA,Fulham,DF,28,21,15,1339.0,0,0,2,0,0.5,0.1,6,25,3,0.00,0.00,0.04,0.01,,,,,40.0,0.13,0.00,10.7,663,87.5,12350,92.5,92.9,52.9,3,43,1,0,25,6,0.40,0,0.00,26,12,18,5,10,7,3,9,903,125,498,381,26,13,2,1,1,533,1216,6,2,0,9,2,617,3,10,4,0,1,45,20,12,62.5,€17.9M,70.8/71.5
107,Jack Clarke,ENG,Ipswich Town,"FW,MF",25,29,11,1056.0,0,4,2,0,1.0,2.0,32,35,47,0.00,0.34,0.08,0.17,,,,,14.3,0.17,0.00,19.4,266,76.4,4343,86.8,86.0,48.3,23,25,6,0,35,40,3.41,5,0.43,28,17,32,16,6,0,6,7,486,22,115,198,187,32,42,22,14,272,1015,32,18,9,20,18,293,47,15,21,3,13,67,7,14,33.3,€19.4M,62.8/67.8
108,Jack Harrison,ENG,Everton,FW,29,31,22,1900.0,1,0,0,0,3.3,3.7,64,45,116,0.05,0.00,0.16,0.17,,,,,22.2,0.28,0.04,16.3,379,63.1,6064,81.5,68.1,34.3,32,26,25,11,45,53,2.51,4,0.19,30,21,40,26,18,2,16,9,871,31,144,305,429,62,72,23,41,479,1491,64,34,14,50,37,562,116,13,26,4,118,65,4,26,13.3,€17.7M,72.0/72.0
109,Jack Hinshelwood,ENG,Brighton,"DF,MF",20,23,21,1744.0,2,2,5,0,1.5,1.3,18,63,47,0.10,0.10,0.08,0.07,,,,,42.9,0.31,0.14,14.3,829,83.4,12576,91.4,84.2,52.9,15,33,9,2,63,33,1.70,3,0.15,26,18,27,16,8,3,5,15,1138,50,317,528,299,27,11,2,8,566,1142,18,20,2,16,3,715,47,16,7,0,26,58,19,15,55.9,€9.2M,68.5/84.7
110,Jack Stephens,ENG,Southampton,DF,31,17,15,1209.0,1,0,2,2,0.6,0.2,13,53,2,0.07,0.00,0.04,0.01,,,,,50.0,0.15,0.25,11.0,786,92.0,13687,92.9,94.5,83.0,3,47,5,0,53,13,0.97,0,0.00,32,19,27,12,15,10,5,11,976,109,403,482,95,11,4,0,4,552,1209,13,12,1,3,3,690,2,12,4,1,1,41,6,8,42.9,€1.4M,60.6/61.0
111,Jacob Greaves,ENG,Ipswich Town,DF,25,22,22,1935.0,1,0,5,0,1.2,0.0,7,53,8,0.05,0.00,0.06,0.00,,,,,50.0,0.19,0.13,8.3,827,86.2,13641,93.1,89.5,41.9,2,63,1,0,53,13,0.60,0,0.00,36,19,33,12,36,24,12,18,1202,253,649,482,75,17,3,2,1,538,969,7,9,0,8,2,739,8,12,19,1,1,48,65,38,63.1,€25.1M,65.2/73.1
112,Jacob Murphy,ENG,Newcastle Utd,FW,30,32,28,2139.0,8,11,3,0,5.7,8.1,70,67,216,0.34,0.46,0.24,0.34,,,,,35.7,0.63,0.19,18.2,611,68.3,9226,83.8,67.5,42.4,38,49,35,14,67,73,3.07,14,0.59,22,15,31,15,31,0,31,11,1140,21,162,421,568,88,64,31,30,665,2081,70,31,25,30,34,824,216,11,14,3,110,92,4,15,21.1,€17.9M,77.2/77.2
113,Jacob Ramsey,ENG,Aston Villa,"FW,MF",24,27,18,1516.0,1,3,2,0,1.5,2.3,57,67,105,0.06,0.18,0.09,0.13,,,,,22.2,0.24,0.06,16.7,479,85.4,6395,91.5,84.9,75.0,20,31,21,1,67,51,3.03,8,0.47,30,15,20,10,21,3,18,7,726,12,136,259,344,67,42,24,10,474,1631,57,31,19,39,21,552,105,12,25,5,10,77,6,10,37.5,€45.8M,78.8/85.9
114,Jadon Sancho,ENG,Chelsea,FW,25,29,18,1687.0,3,4,2,0,2.2,3.5,98,87,219,0.16,0.21,0.12,0.19,,,,,33.3,0.43,0.13,15.1,631,82.5,8580,89.1,84.2,51.9,36,26,46,0,87,67,3.57,10,0.53,10,6,12,7,9,0,9,2,926,11,115,269,552,119,95,45,38,625,2368,98,33,56,29,21,725,219,6,11,6,23,97,5,10,33.3,€37.7M,78.9/85.6
115,Jake O'Brien,IRL,Everton,DF,24,18,15,1391.0,2,0,5,0,0.7,0.6,7,43,24,0.13,0.00,0.05,0.04,,,,,60.0,0.19,0.40,11.5,509,78.3,9400,88.7,80.1,64.0,6,41,8,5,43,16,1.04,0,0.00,24,16,24,8,16,4,12,4,805,69,321,352,135,18,10,4,5,356,743,7,6,2,5,5,428,24,13,4,3,18,51,33,27,55.0,€19.7M,65.4/69.0
116,James Garner,ENG,Everton,"MF,DF",24,18,14,1324.0,0,1,3,0,0.3,1.3,12,46,22,0.00,0.07,0.02,0.09,,,,,28.6,0.14,0.00,24.1,504,75.0,8821,85.2,83.5,46.5,12,50,6,3,46,33,2.24,5,0.34,41,27,35,16,15,3,12,17,819,36,196,417,213,9,16,6,10,399,684,12,15,1,12,7,451,22,18,14,0,52,64,10,8,55.6,€23.2M,74.9/80.4
117,James Justin,ENG,Leicester City,DF,27,33,31,2669.0,2,1,5,0,1.5,0.6,39,87,92,0.07,0.03,0.05,0.02,,,,,25.0,0.20,0.08,16.0,1093,77.8,16878,86.8,84.3,34.9,13,74,21,7,87,31,1.05,1,0.03,49,29,51,23,41,14,27,44,1775,134,616,804,365,37,30,9,13,797,1672,39,25,4,31,13,989,92,23,37,2,53,79,61,48,56.0,€17M,67.9/70.6
118,James Maddison,ENG,Tottenham,MF,29,31,21,1809.0,9,7,6,0,5.8,4.2,45,164,95,0.45,0.35,0.29,0.21,,,,,43.6,0.85,0.23,16.7,1021,81.3,16664,90.9,86.2,46.3,41,123,32,5,164,95,4.73,18,0.90,31,19,29,20,15,4,11,12,1464,26,210,691,576,77,77,33,34,1026,2279,45,39,20,23,25,1125,95,32,64,4,98,76,5,7,41.7,€58.1M,81.2/81.2
119,James Tarkowski,ENG,Everton,DF,33,33,33,2922.0,1,1,6,0,1.3,2.9,9,75,3,0.03,0.03,0.04,0.09,,,,,26.7,0.12,0.07,8.4,1045,81.0,22119,84.5,91.9,62.7,16,83,11,0,75,38,1.17,4,0.12,64,40,39,15,57,42,15,41,1706,355,974,635,106,57,7,5,2,727,1943,9,10,0,13,7,927,3,35,28,2,1,98,102,33,75.6,€11.8M,74.9/74.9
120,Jamie Vardy,ENG,Leicester City,FW,38,33,33,2655.0,8,3,5,0,10.7,2.9,27,20,110,0.27,0.10,0.36,0.10,,,,,42.3,0.75,0.13,12.4,243,66.8,3497,74.0,77.7,68.4,18,10,9,1,20,44,1.49,9,0.30,18,13,13,9,8,4,4,5,555,29,57,255,248,105,21,9,10,264,645,27,11,14,34,12,356,110,22,21,25,11,35,49,51,49.0,€1M,67.3/69.5
121,Jan Bednarek,POL,Southampton,DF,29,29,29,2441.0,2,0,7,0,0.7,0.5,5,59,2,0.07,0.00,0.02,0.02,,,,,40.0,0.07,0.40,16.0,1547,92.7,27450,95.4,94.7,76.5,5,72,1,0,59,16,0.59,0,0.00,35,18,30,15,44,33,11,54,2011,365,1060,917,41,15,3,3,0,1035,1731,5,5,1,9,3,1294,2,31,12,0,1,106,68,36,65.4,€12.9M,63.8/64.6
122,Jan Paul van Hecke,NED,Brighton,DF,25,31,30,2688.0,1,1,8,1,1.3,1.5,53,216,5,0.03,0.03,0.04,0.05,,,,,31.3,0.17,0.06,14.1,1839,87.9,36200,93.1,93.0,65.4,13,207,16,4,216,48,1.61,3,0.10,40,26,38,18,32,19,13,23,2373,250,1006,1233,154,30,11,5,4,1571,6731,53,42,0,12,7,1664,5,23,23,0,11,120,78,48,61.9,€42.4M,72.3/78.6
123,Jannik Vestergaard,DEN,Leicester City,DF,33,18,16,1391.0,0,0,5,0,0.1,0.1,3,32,2,0.00,0.00,0.01,0.01,,,,,66.7,0.13,0.00,9.7,870,90.7,14697,95.0,93.7,59.3,3,34,1,0,32,7,0.45,0,0.00,22,10,15,6,21,14,7,16,1092,196,572,497,28,10,4,4,0,672,1458,3,3,0,2,0,757,2,12,4,0,0,46,26,19,57.8,€2M,61.7/61.7
124,Jarrad Branthwaite,ENG,Everton,DF,23,28,26,2348.0,0,1,4,0,1.1,0.7,9,61,2,0.00,0.04,0.04,0.03,,,,,37.5,0.11,0.00,8.2,909,82.2,17777,90.3,90.5,55.3,3,80,2,0,61,13,0.50,2,0.08,36,20,27,7,30,22,8,23,1413,198,735,622,63,23,5,3,1,694,2253,9,13,2,8,3,826,2,10,17,1,5,84,53,38,58.2,€32.2M,77.2/85.6
125,Jarrod Bowen,ENG,West Ham,"FW,MF",29,31,31,2721.0,10,7,1,0,8.3,6.3,98,86,189,0.33,0.23,0.27,0.21,,,,,41.0,1.06,0.12,17.4,516,71.4,8598,83.0,76.6,55.6,49,37,43,7,86,104,3.44,13,0.43,37,24,37,20,21,3,18,16,1122,25,126,413,607,154,116,40,66,665,2312,98,43,56,68,70,735,189,19,49,10,101,120,12,46,20.7,€48.1M,73.5/75.3
126,Jean-Clair Todibo,FRA,West Ham,DF,26,24,17,1564.0,0,0,2,0,0.2,0.0,9,32,5,0.00,0.00,0.01,0.00,,,,,0.0,0.00,0.00,14.6,789,87.4,14104,93.5,94.0,45.7,2,40,2,0,32,6,0.35,0,0.00,41,24,34,8,24,12,12,21,1091,146,601,455,44,10,14,7,7,619,1363,9,5,0,13,9,735,5,11,5,0,3,65,23,24,48.9,€36M,73.4/77.6
127,Jean-Philippe Mateta,FRA,Crystal Palace,FW,28,33,30,2442.0,14,2,2,0,12.1,3.1,37,46,114,0.52,0.07,0.45,0.11,,,,,41.7,0.92,0.20,15.6,269,65.0,3557,76.4,62.5,31.8,27,31,15,2,46,56,2.06,8,0.29,17,12,16,13,16,3,13,2,680,24,57,327,310,86,42,18,20,363,894,37,20,8,67,41,502,114,27,26,17,24,60,59,95,38.3,€31.7M,74.8/74.8
128,Jean-Ricner Bellegarde,FRA,Wolves,"MF,FW",27,32,19,1551.0,2,6,3,0,1.3,3.6,49,39,83,0.12,0.35,0.08,0.21,,,,,25.0,0.29,0.10,21.7,415,78.7,6398,89.2,80.9,56.4,26,27,17,8,39,53,3.08,10,0.58,37,22,19,6,19,3,16,10,756,24,139,339,295,45,60,14,31,464,1440,49,35,11,38,25,519,83,29,41,1,40,57,9,18,33.3,€21.3M,68.6/69.1
129,Jefferson Lerma,COL,Crystal Palace,"MF,DF",31,29,23,2030.0,0,1,8,0,1.0,1.5,11,86,24,0.00,0.04,0.04,0.06,,,,,29.2,0.31,0.00,19.4,775,75.5,13637,86.8,81.3,46.7,9,83,17,2,86,42,1.86,3,0.13,30,15,33,16,32,15,17,36,1269,95,403,653,223,26,12,6,4,596,1004,11,10,0,14,15,745,24,34,35,0,11,139,39,38,50.6,€13.6M,70.8/70.8
130,Jens Cajuste,SWE,Ipswich Town,MF,26,27,23,1783.0,1,0,2,0,0.5,0.6,23,46,16,0.05,0.00,0.02,0.03,,,,,10.0,0.05,0.10,21.3,576,82.4,9518,88.9,85.8,50.0,11,45,5,1,46,30,1.51,1,0.05,39,19,47,28,24,9,15,25,911,59,263,477,185,11,46,25,15,421,1182,23,21,3,21,14,522,16,21,21,0,9,99,12,21,36.4,€15.5M,66.1/68.8
131,Jesper Lindstrøm,DEN,Everton,FW,25,25,15,1239.0,0,1,2,0,2.1,2.0,30,25,81,0.00,0.07,0.15,0.15,,,,,35.7,0.73,0.00,21.0,297,69.4,4593,86.2,65.7,44.6,19,18,12,7,25,46,3.35,1,0.07,45,25,55,36,15,3,12,12,625,22,127,206,303,40,43,8,31,302,780,30,19,7,31,24,347,81,15,10,1,71,70,6,12,33.3,€24.4M,70.6/73.7
132,Joachim Andersen,DEN,Fulham,DF,29,26,26,2313.0,0,0,5,1,1.0,0.3,13,105,2,0.00,0.00,0.04,0.01,,,,,23.5,0.16,0.00,15.2,1485,82.8,32857,91.2,93.6,55.1,3,176,6,3,105,30,1.17,2,0.08,25,17,20,7,33,26,7,30,2089,293,1085,923,93,20,6,4,0,1211,2996,13,14,1,6,3,1446,2,15,17,0,10,107,63,36,63.6,€31.4M,78.6/78.6
133,Joe Aribo,NGA,Southampton,"MF,DF",29,30,20,1909.0,3,0,1,0,2.7,1.6,35,71,64,0.14,0.00,0.13,0.07,,,,,41.2,0.33,0.18,14.0,878,88.5,13041,91.3,90.9,68.9,16,50,4,1,71,37,1.75,1,0.05,44,30,34,17,24,9,15,20,1203,46,288,632,294,44,46,18,22,708,1923,35,28,12,25,16,879,64,20,28,1,10,110,25,21,54.3,€6.9M,63.3/64.1
134,Joe Willock,ENG,Newcastle Utd,"MF,FW",26,30,11,1026.0,0,2,3,0,1.6,1.9,36,38,82,0.00,0.18,0.14,0.17,,,,,17.6,0.26,0.00,15.4,281,82.4,4022,88.6,87.0,45.5,21,25,8,0,38,44,3.86,4,0.35,28,16,29,11,24,6,18,6,503,12,73,214,227,51,34,12,16,302,984,36,27,14,35,23,347,82,22,13,3,16,40,5,14,26.3,€35.8M,73.3/77.4
135,Joelinton,BRA,Newcastle Utd,"MF,FW",29,29,29,2393.0,4,3,10,0,3.9,2.5,40,116,110,0.15,0.11,0.15,0.09,,,,,28.9,0.49,0.09,14.0,863,82.7,12199,87.7,86.6,60.0,23,80,17,2,116,61,2.29,9,0.34,57,35,44,19,37,7,30,23,1360,67,256,670,448,83,46,15,28,729,1786,40,26,9,39,53,934,110,58,35,7,16,149,59,46,56.2,€47.5M,77.0/77.0
136,John McGinn,SCO,Aston Villa,"MF,FW",31,31,25,2052.0,1,4,7,0,2.9,3.4,31,96,72,0.04,0.18,0.13,0.15,,,,,19.2,0.22,0.04,16.2,658,82.5,11150,91.5,86.4,59.0,29,66,27,7,96,68,2.98,7,0.31,31,22,27,16,21,2,19,14,999,28,158,532,319,52,44,18,12,547,1194,31,16,6,33,25,700,72,43,67,3,54,94,16,11,59.3,€22.5M,77.0/77.0
137,Jordan Pickford,ENG,Everton,GK,31,35,35,3150.0,0,1,7,0,0.0,0.4,0,0,0,0.00,0.03,0.00,0.01,1.23,71.1,28.6,100.0,,0.00,,,971,66.5,30852,99.3,98.4,46.3,2,68,8,0,0,12,0.34,2,0.06,1,0,2,1,0,0,0,1,1561,1009,1494,68,0,0,0,0,0,895,3246,0,0,0,2,0,788,0,0,7,0,0,31,4,1,80.0,€22.6M,75.3/75.3
138,Joshua Zirkzee,NED,Manchester Utd,"FW,MF",24,32,14,1402.0,3,1,2,0,4.8,1.5,14,44,69,0.19,0.06,0.31,0.10,,,,,39.3,0.71,0.11,13.1,292,71.2,3600,78.1,74.4,50.0,12,26,6,0,44,31,1.99,3,0.19,14,8,10,5,15,4,11,6,587,16,71,303,219,56,35,11,24,327,523,14,21,4,41,30,418,69,9,13,3,4,57,21,54,28.0,€43.7M,73.5/80.1
139,José Sá,POR,Wolves,GK,32,27,27,2430.0,0,0,2,0,0.0,0.1,0,2,0,0.00,0.00,0.00,0.01,1.67,62.0,25.9,33.3,,0.00,,,544,63.8,14150,99.1,97.1,30.8,2,18,1,0,2,4,0.15,0,0.00,2,2,2,0,0,0,0,0,911,725,903,9,0,0,7,7,0,565,2205,0,0,0,1,0,450,0,4,8,0,0,31,9,1,90.0,€8.5M,69.9/69.9
140,João Gomes,BRA,Wolves,MF,24,33,33,2781.0,3,1,10,1,2.7,1.2,53,148,68,0.10,0.03,0.09,0.04,,,,,21.2,0.23,0.09,18.1,1262,84.9,18027,91.0,85.6,60.7,22,107,22,1,148,62,2.01,3,0.10,105,62,102,60,42,4,38,25,1843,59,404,1014,451,42,57,26,25,957,2593,53,50,6,38,49,1230,68,67,41,1,27,178,9,24,27.3,€51.1M,71.4/77.2
141,João Pedro,BRA,Brighton,"FW,MF",24,27,23,1948.0,10,6,4,1,8.9,5.0,66,78,128,0.46,0.28,0.41,0.23,,,,,35.7,0.69,0.12,17.2,482,72.9,6847,78.7,75.1,65.9,30,42,36,5,78,72,3.32,9,0.42,16,12,11,7,12,0,12,9,940,12,60,387,508,122,86,29,47,616,1821,66,39,30,72,38,732,128,26,46,2,22,59,41,43,48.8,€61.3M,71.0/78.5
142,Joël Veltman,NED,Brighton,DF,33,20,19,1665.0,0,0,4,0,0.5,0.5,30,80,32,0.00,0.00,0.03,0.02,,,,,16.7,0.05,0.00,19.7,719,79.9,12118,89.9,80.4,63.3,6,62,8,5,80,22,1.19,1,0.05,42,28,51,21,22,7,15,18,1102,65,328,544,240,10,15,4,5,526,1448,30,22,3,19,7,599,32,27,42,0,23,68,21,18,53.8,€5.7M,74.8/74.8
143,Joško Gvardiol,CRO,Manchester City,DF,23,34,33,3007.0,5,0,2,0,4.4,2.0,81,251,98,0.15,0.00,0.13,0.06,,,,,29.7,0.33,0.14,13.0,2321,90.9,37878,94.4,93.2,68.9,25,237,20,1,251,69,2.07,7,0.21,51,34,37,18,40,20,20,38,2903,142,725,1474,727,85,40,23,14,1886,5715,81,92,13,25,16,2132,98,13,23,2,19,132,48,33,59.3,€78.7M,79.4/91.0
144,Justin Kluivert,NED,Bournemouth,"MF,FW",26,31,27,2161.0,12,6,8,0,10.0,4.8,74,95,153,0.50,0.25,0.42,0.20,,,,,41.5,0.92,0.11,20.4,533,74.3,8212,83.6,76.7,53.1,45,41,32,6,95,95,3.95,11,0.46,21,9,21,17,24,0,24,13,996,23,93,342,581,115,82,33,39,594,2161,74,52,34,50,26,653,153,42,29,5,80,73,7,25,21.9,€44.8M,79.3/81.7
145,Jørgen Strand Larsen,NOR,Wolves,FW,25,32,29,2463.0,13,2,4,0,10.0,2.4,16,28,106,0.48,0.07,0.37,0.09,,,,,60.4,1.17,0.25,11.4,272,63.1,3547,70.5,63.2,70.0,19,18,4,1,28,40,1.46,5,0.18,9,6,27,23,18,4,14,5,695,34,83,329,284,104,17,7,10,328,446,16,13,9,88,32,507,106,46,18,14,6,42,66,96,40.7,€30.8M,72.5/76.7
146,Kai Havertz,GER,Arsenal,"FW,MF",26,21,21,1839.0,9,3,4,0,9.4,2.4,34,59,110,0.44,0.15,0.46,0.12,,,,,40.4,1.03,0.17,11.7,401,78.5,4833,84.1,82.5,45.5,16,26,8,1,59,41,2.01,3,0.15,16,9,15,11,22,4,18,6,768,31,88,282,403,103,38,9,24,411,922,34,23,18,42,22,575,110,36,21,14,11,39,62,73,45.9,€70.5M,85.1/89.1
147,Kalvin Phillips,ENG,Ipswich Town,MF,30,19,14,1237.0,0,0,6,1,0.4,0.2,4,51,4,0.00,0.00,0.03,0.02,,,,,18.2,0.15,0.00,24.3,436,79.1,8581,83.1,86.7,61.2,5,49,6,1,51,17,1.24,3,0.22,35,19,39,24,35,6,29,19,739,61,223,398,122,5,12,5,6,310,569,4,5,0,25,10,394,4,28,20,0,20,68,7,22,24.1,€17.2M,66.6/66.7
148,Kamaldeen Sulemana,GHA,Southampton,"FW,MF",23,23,14,1178.0,1,1,2,0,1.4,1.0,57,26,76,0.08,0.08,0.10,0.08,,,,,30.8,0.61,0.04,18.8,253,79.8,3667,89.4,82.4,44.4,10,6,13,7,26,28,2.14,3,0.23,16,14,13,5,9,0,9,6,509,13,65,190,272,50,92,33,51,331,1409,57,34,23,37,22,358,76,19,10,2,25,52,9,21,30.0,€18.5M,65.6/71.7
149,Kaoru Mitoma,JPN,Brighton,"FW,MF",28,33,28,2521.0,9,3,1,0,8.8,4.4,138,82,277,0.32,0.11,0.31,0.16,,,,,46.3,0.89,0.17,13.9,701,75.3,9130,86.9,70.5,44.0,35,34,32,8,82,83,2.96,8,0.29,43,26,46,28,46,3,43,13,1300,15,149,445,734,156,127,49,73,786,3663,138,76,55,49,22,911,277,39,23,5,72,92,24,27,47.1,€50.6M,80.2/80.2
150,Keane Lewis-Potter,ENG,Brentford,"DF,FW",24,35,33,2839.0,1,3,6,0,2.6,3.0,92,90,144,0.03,0.10,0.08,0.10,,,,,51.9,0.44,0.04,20.5,900,77.3,14851,89.6,79.4,48.8,23,61,41,14,90,67,2.12,8,0.25,44,26,44,18,24,9,15,19,1473,94,450,573,469,69,97,39,49,783,2971,92,63,34,43,19,877,144,16,29,4,71,136,26,34,43.3,€27.1M,71.8/77.4
151,Kenny Tete,NED,Fulham,DF,30,19,18,1504.0,0,2,4,0,1.2,0.9,33,50,47,0.00,0.12,0.07,0.05,,,,,9.1,0.12,0.00,16.1,669,81.3,10740,91.7,80.3,61.8,7,60,9,6,50,32,1.91,3,0.18,50,34,34,14,22,6,16,29,1033,58,332,422,287,32,19,8,6,534,1229,33,20,7,16,10,596,47,28,14,1,29,65,18,12,60.0,€14M,70.7/71.6
152,Kepa Arrizabalaga,ESP,Bournemouth,GK,31,28,28,2520.0,0,0,3,0,0.1,0.0,0,2,0,0.00,0.00,0.00,0.00,1.25,75.4,25.0,0.0,0.0,0.00,0.00,9.7,671,71.9,18595,98.1,98.3,47.8,1,9,0,0,2,4,0.14,0,0.00,1,0,2,2,1,0,1,0,990,732,961,28,1,1,1,1,0,557,1588,0,0,0,0,0,435,0,2,5,0,0,52,7,1,87.5,€12M,72.2/75.0
153,Kevin De Bruyne,BEL,Manchester City,"MF,FW",34,25,17,1538.0,4,7,2,0,3.8,7.6,47,135,137,0.23,0.41,0.22,0.44,,,,,28.6,0.82,0.08,21.7,799,76.0,13542,85.5,76.8,57.8,51,80,51,11,135,104,6.08,11,0.64,17,9,23,18,8,0,8,7,1210,10,73,408,739,71,32,12,16,711,1860,47,45,18,24,26,907,137,16,16,5,122,56,4,15,21.1,€20.1M,84.9/84.9
154,Kevin Schade,GER,Brentford,FW,24,35,23,2069.0,10,2,3,0,7.7,3.4,56,32,146,0.43,0.09,0.33,0.15,,,,,46.0,1.00,0.20,11.6,290,58.4,4497,68.6,60.1,42.9,20,29,9,3,32,50,2.18,9,0.39,35,23,20,8,17,2,15,5,803,37,135,221,462,129,81,29,46,399,1275,56,26,35,54,34,497,146,20,33,13,36,78,80,65,55.2,€29.7M,71.1/76.5
155,Kobbie Mainoo,ENG,Manchester Utd,MF,20,22,18,1506.0,0,0,5,0,0.6,1.6,21,59,42,0.00,0.00,0.03,0.09,,,,,15.4,0.12,0.00,20.8,663,86.4,8795,92.1,88.1,70.7,14,46,9,0,59,30,1.79,2,0.12,42,25,36,14,16,2,14,19,979,24,183,554,251,33,49,23,24,599,1124,21,14,10,34,34,695,42,27,19,2,5,79,19,27,41.3,€66M,68.8/87.2
156,Konstantinos Mavropanos,GRE,West Ham,DF,28,31,20,1947.0,0,0,6,1,1.5,0.5,16,60,2,0.00,0.00,0.07,0.02,,,,,27.8,0.23,0.00,14.8,1013,85.8,19986,90.9,92.3,58.4,5,60,4,1,60,16,0.74,0,0.00,32,22,25,11,23,17,6,38,1432,221,746,632,62,24,17,9,5,794,2124,16,10,1,12,0,936,2,17,14,3,2,68,56,24,70.0,€19.1M,68.8/69.2
157,Kristoffer Ajer,NOR,Brentford,DF,27,22,17,1405.0,0,0,5,0,0.8,1.2,27,54,42,0.00,0.00,0.05,0.08,,,,,37.5,0.19,0.00,10.2,488,78.0,7607,86.7,79.3,49.1,8,42,7,4,54,18,1.15,2,0.13,25,17,26,12,17,4,13,12,773,52,260,359,160,35,16,7,8,378,1172,27,11,2,15,12,481,42,12,6,1,14,42,27,22,55.1,€21.5M,71.9/72.1
158,Kyle Walker-Peters,ENG,Southampton,DF,28,33,33,2918.0,0,2,5,0,0.8,2.8,114,139,144,0.00,0.06,0.03,0.09,,,,,30.0,0.19,0.00,18.3,1493,88.2,22418,93.9,90.0,60.2,24,119,30,4,139,63,1.94,7,0.22,44,29,35,19,27,15,12,19,2022,151,615,884,540,59,92,38,39,1271,4373,114,72,24,32,39,1433,144,28,52,2,51,135,11,21,34.4,€16.6M,65.5/67.6
159,Leandro Trossard,BEL,Arsenal,FW,31,35,26,2354.0,8,5,4,1,6.8,5.3,75,95,207,0.31,0.19,0.26,0.20,,,,,30.9,0.80,0.12,15.9,632,73.7,10332,85.2,76.3,51.2,37,41,43,9,95,80,3.06,6,0.23,26,17,31,22,31,0,31,9,1149,15,120,361,685,143,72,30,32,733,1942,75,49,29,57,43,857,207,25,43,6,79,93,6,22,21.4,€31.8M,79.5/79.5
160,Leif Davis,ENG,Ipswich Town,DF,25,31,30,2563.0,1,2,5,1,0.9,4.3,48,55,117,0.04,0.07,0.03,0.15,,,,,14.3,0.07,0.07,20.4,854,71.5,14708,86.0,77.4,37.3,54,30,26,11,55,85,2.98,4,0.14,45,26,46,17,24,8,16,25,1459,115,517,484,477,36,37,13,17,659,1940,48,27,10,36,14,770,117,25,30,3,148,111,33,22,60.0,€28.2M,67.0/73.9
161,Leny Yoro,FRA,Manchester Utd,DF,20,20,11,1114.0,0,0,5,0,0.7,0.1,19,52,4,0.00,0.00,0.06,0.01,,,,,20.0,0.08,0.00,8.6,667,92.1,10721,95.3,93.9,65.0,2,43,5,1,52,8,0.65,0,0.00,26,11,17,6,5,3,2,18,847,83,395,385,70,13,4,2,2,577,1642,19,13,1,3,4,614,4,9,2,1,1,45,16,15,51.6,€71M,70.5/88.1
162,Leon Bailey,JAM,Aston Villa,"FW,MF",28,23,14,1138.0,1,2,3,0,1.7,1.5,57,35,121,0.08,0.16,0.14,0.12,,,,,21.4,0.47,0.04,17.3,273,70.7,4275,81.4,81.1,47.4,16,16,20,2,35,38,3.01,4,0.32,6,4,10,8,6,0,6,3,539,18,76,155,318,69,57,22,24,344,1334,57,22,33,35,25,386,121,12,18,3,34,59,6,9,40.0,€39.2M,76.2/77.5
163,Lesley Ugochukwu,FRA,Southampton,MF,21,24,16,1525.0,1,1,6,0,0.9,1.0,29,49,20,0.06,0.06,0.05,0.06,,,,,10.0,0.06,0.10,17.0,570,84.9,8828,88.2,91.5,59.5,14,52,7,1,49,23,1.36,1,0.06,49,24,33,15,26,9,17,14,838,46,199,478,167,24,26,18,7,459,1195,29,15,6,12,13,570,20,28,14,0,6,62,20,17,54.1,€27M,62.1/74.4
164,Levi Colwill,ENG,Chelsea,DF,22,32,32,2879.0,1,1,8,0,1.3,1.1,13,125,11,0.03,0.03,0.04,0.04,,,,,18.8,0.09,0.06,9.9,2209,89.6,40256,92.8,95.3,57.0,14,144,7,3,125,38,1.19,3,0.09,42,30,25,9,35,24,11,32,2726,342,1278,1330,129,35,10,6,4,1540,3887,13,12,1,13,8,1996,11,42,19,4,13,110,76,51,59.8,€56.6M,78.1/91.4
165,Lewis Cook,ENG,Bournemouth,"MF,DF",28,34,30,2816.0,1,3,8,0,0.9,4.1,33,153,49,0.03,0.10,0.03,0.13,,,,,28.6,0.13,0.07,23.4,1158,76.8,20150,84.8,85.1,45.5,48,150,26,11,153,87,2.78,5,0.16,80,42,66,30,30,11,19,40,1814,85,427,954,453,19,18,11,7,791,2113,33,29,4,29,17,904,49,46,10,3,127,182,40,34,54.1,€19.3M,72.7/73.6
166,Lewis Dunk,ENG,Brighton,DF,34,25,23,2083.0,0,0,5,0,0.8,0.5,20,142,3,0.00,0.00,0.03,0.02,,,,,25.0,0.13,0.00,12.1,1778,91.0,32940,96.4,95.2,62.7,6,157,6,0,142,19,0.82,3,0.13,17,10,19,8,28,18,10,13,2127,258,993,1031,113,21,1,0,1,1340,3341,20,19,0,9,3,1556,3,7,11,2,5,104,51,31,62.2,€7.4M,69.6/71.0
167,Lewis Hall,ENG,Newcastle Utd,DF,21,27,24,2189.0,0,4,3,0,0.4,4.3,41,123,80,0.00,0.16,0.02,0.18,,,,,9.1,0.04,0.00,18.8,1300,81.7,21999,91.3,85.1,51.5,34,114,17,5,123,63,2.59,6,0.25,58,41,74,34,33,18,15,18,1820,95,623,804,414,47,21,11,7,950,2358,41,22,13,33,20,1094,80,9,21,1,110,119,30,31,49.2,€34.5M,72.1/88.0
168,Liam Delap,ENG,Ipswich Town,FW,22,34,31,2491.0,12,2,10,0,9.3,1.9,60,30,105,0.43,0.07,0.34,0.07,,,,,43.8,1.01,0.16,16.0,211,61.2,2913,70.7,63.5,39.1,21,16,6,0,30,62,2.24,7,0.25,10,7,14,12,8,0,8,2,659,29,78,277,326,89,84,39,36,436,1570,60,46,29,99,58,519,105,67,50,13,5,66,53,69,43.4,€37M,65.8/75.1
169,Lisandro Martínez,ARG,Manchester Utd,DF,27,20,20,1751.0,2,1,7,0,1.3,1.1,23,117,7,0.10,0.05,0.07,0.06,,,,,35.3,0.31,0.12,15.9,1200,89.4,20292,94.2,93.0,55.2,9,91,18,2,117,26,1.34,2,0.10,40,24,36,15,22,8,14,32,1524,156,713,697,125,18,7,6,1,1017,3129,23,23,2,1,3,1069,7,22,7,0,9,81,16,13,55.2,€49.2M,73.0/74.5
170,Lucas Bergvall,SWE,Tottenham,MF,19,27,11,1212.0,0,1,3,0,0.7,0.6,33,49,31,0.00,0.07,0.05,0.04,,,,,16.7,0.15,0.00,19.9,629,87.4,10567,91.9,89.8,74.6,11,53,7,3,49,22,1.63,4,0.30,39,19,32,15,18,8,10,24,885,36,188,478,232,22,45,21,20,531,1634,33,21,4,20,19,586,31,20,17,0,21,73,9,8,52.9,€32.6M,67.0/83.0
171,Lucas Digne,FRA,Aston Villa,DF,32,31,27,2261.0,0,4,4,0,0.8,4.4,23,55,140,0.00,0.16,0.03,0.17,,,,,23.1,0.12,0.00,22.7,932,75.2,15153,88.2,78.8,40.1,35,43,29,18,55,63,2.51,5,0.20,63,37,64,21,23,4,19,25,1485,93,520,449,526,28,19,9,9,672,1328,23,14,4,17,16,808,140,20,14,7,138,100,35,27,56.5,€13.6M,71.2/71.2
172,Lucas Paquetá,BRA,West Ham,"MF,FW",28,31,27,2336.0,4,0,9,0,5.2,3.1,22,145,82,0.15,0.00,0.20,0.12,,,,,7.9,0.12,0.05,19.6,1086,77.3,18019,83.6,79.6,64.2,36,125,43,4,145,79,3.04,6,0.23,66,37,53,26,28,4,24,17,1735,62,360,953,436,57,42,17,20,888,1295,22,32,2,53,50,1219,82,52,62,6,28,146,48,57,45.7,€71.2M,76.0/78.0
173,Luis Díaz,COL,Liverpool,FW,28,33,26,2225.0,12,5,2,0,10.0,4.9,103,103,269,0.49,0.20,0.40,0.20,,,,,41.5,1.09,0.18,13.5,697,84.3,11124,88.6,86.0,82.4,54,45,43,6,103,116,4.69,16,0.65,33,21,34,21,18,0,18,7,1109,15,78,382,668,155,111,51,48,733,2803,103,53,55,51,43,878,269,48,30,10,30,98,12,33,26.7,€71M,86.5/86.5
174,Luke Woolfenden,ENG,Ipswich Town,DF,27,15,12,1187.0,0,0,2,0,0.0,0.0,7,15,0,0.00,0.00,0.00,0.00,,,,,0.0,0.00,0.00,12.9,496,88.3,9196,96.7,93.8,52.7,0,31,0,0,15,2,0.15,0,0.00,9,6,5,3,21,14,7,19,694,147,407,278,9,3,0,0,0,368,1249,7,3,0,4,0,442,0,5,2,1,0,38,15,15,50.0,€2M,65.0/68.3
175,Mads Hermansen,DEN,Leicester City,GK,25,27,27,2385.0,0,0,1,0,0.0,0.0,0,1,0,0.00,0.00,0.00,0.00,2.19,64.5,3.7,25.0,,0.00,,,654,61.0,17066,97.4,94.8,32.7,0,20,1,0,1,3,0.11,0,0.00,1,1,1,0,1,0,1,0,1147,831,1106,43,0,0,1,1,0,734,1904,0,0,0,1,0,625,0,0,3,0,0,17,4,1,80.0,€19.8M,62.5/70.5
176,Malo Gusto,FRA,Chelsea,DF,22,29,19,1832.0,0,1,4,0,1.7,1.3,50,119,84,0.00,0.05,0.08,0.06,,,,,18.2,0.20,0.00,21.3,1175,86.5,19192,93.2,88.3,61.6,21,109,18,6,119,57,2.80,4,0.20,43,28,47,23,29,8,21,23,1563,60,378,758,440,43,16,4,11,865,2199,50,35,9,16,17,1053,84,20,19,2,51,116,8,15,34.8,€32.8M,75.6/88.2
177,Manuel Akanji,SUI,Manchester City,DF,30,23,20,1744.0,0,0,3,0,0.7,0.4,38,138,6,0.00,0.00,0.04,0.02,,,,,10.0,0.05,0.00,16.3,1427,93.9,23477,95.9,95.4,75.3,9,153,11,2,138,34,1.75,2,0.10,16,11,13,5,11,8,3,7,1635,111,487,797,353,11,2,2,0,1071,3362,38,52,0,4,5,1291,6,16,9,0,11,89,26,29,47.3,€42.8M,79.9/82.7
178,Marc Cucurella,ESP,Chelsea,DF,27,33,30,2718.0,4,1,10,1,2.6,2.1,31,107,108,0.13,0.03,0.09,0.07,,,,,40.9,0.30,0.18,16.5,1569,88.0,24764,93.9,90.2,57.5,19,112,12,3,107,48,1.59,5,0.17,59,39,52,26,45,14,31,25,2075,109,637,958,490,73,13,4,7,877,2186,31,18,2,26,6,1286,108,34,33,3,29,119,30,51,37.0,€39.4M,75.7/78.7
179,Marc Guéhi,ENG,Crystal Palace,DF,25,32,32,2879.0,3,2,9,1,1.9,1.2,22,126,8,0.09,0.06,0.06,0.04,,,,,50.0,0.22,0.21,10.3,1377,83.3,26335,91.1,88.8,55.3,12,127,11,3,126,38,1.19,5,0.16,56,31,45,15,53,22,31,25,1994,292,987,881,137,31,14,11,2,1065,2804,22,17,1,16,16,1243,8,22,26,1,13,135,66,50,56.9,€54.2M,79.0/83.7
180,Marcos Senesi,ARG,Bournemouth,DF,28,15,12,1014.0,0,0,5,0,0.8,0.2,12,51,5,0.00,0.00,0.07,0.02,,,,,0.0,0.00,0.00,6.0,493,76.6,10211,88.0,85.9,49.7,3,73,12,3,51,16,1.42,1,0.09,35,21,30,16,15,7,8,11,783,67,349,376,67,12,9,5,4,483,1465,12,14,0,6,5,493,5,19,7,0,10,67,23,27,46.0,€20.4M,69.2/70.7
181,Marcus Rashford,ENG,Manchester Utd,"FW,MF",28,15,12,978.0,4,1,2,0,1.7,2.1,20,21,79,0.37,0.09,0.16,0.19,,,,,56.3,0.83,0.25,16.4,253,73.8,3508,83.6,65.9,50.0,15,13,16,8,21,29,2.67,1,0.09,7,4,9,6,8,0,8,4,440,3,35,189,222,34,39,9,26,293,728,20,19,12,14,6,341,79,8,7,7,27,24,5,7,41.7,€53.6M,79.1/79.2
182,Marcus Tavernier,ENG,Bournemouth,"FW,MF",26,26,17,1670.0,3,5,5,0,5.3,2.8,41,102,106,0.16,0.27,0.29,0.15,,,,,30.0,0.81,0.06,20.2,553,72.5,9408,85.9,78.3,44.9,36,64,30,9,102,85,4.58,11,0.59,41,24,26,16,16,3,13,5,1000,18,114,385,523,51,57,24,28,567,1622,41,40,7,39,43,641,106,28,23,4,91,101,25,31,44.6,€24.4M,71.8/74.8
183,Mark Flekken,NED,Brentford,GK,32,34,34,3005.0,0,2,1,0,0.0,0.5,0,0,0,0.00,0.06,0.00,0.02,1.53,73.1,17.6,0.0,,0.00,,,1178,73.4,34705,97.9,97.5,49.8,3,45,2,0,0,9,0.27,2,0.06,4,4,9,6,2,0,2,0,1706,1340,1659,52,0,0,1,1,0,1043,3003,0,0,0,3,0,951,0,0,3,0,0,37,4,0,100.0,€13.6M,72.0/72.0
184,Martin Ødegaard,NOR,Arsenal,MF,27,27,24,2130.0,2,7,4,0,4.6,5.0,82,240,144,0.08,0.30,0.19,0.21,,,,,30.2,0.55,0.02,18.7,1141,82.9,17692,90.5,87.4,53.4,57,120,81,5,240,115,4.86,14,0.59,19,11,24,20,5,0,5,4,1550,7,108,655,801,105,55,23,30,1071,3426,82,74,23,33,38,1230,144,10,23,1,81,91,8,7,53.3,€126.5M,89.2/92.9
185,Mateo Kovačić,CRO,Manchester City,MF,31,29,23,2049.0,6,1,5,0,1.7,3.6,52,149,15,0.26,0.04,0.08,0.16,,,,,29.3,0.53,0.15,22.5,1604,92.6,24956,95.1,95.7,64.3,29,189,28,0,149,63,2.77,6,0.26,67,38,63,33,20,0,20,20,1959,51,287,1126,567,16,39,20,11,1332,3573,52,73,3,19,29,1590,15,23,23,0,0,110,9,8,52.9,€25.3M,77.7/77.7
186,Mateus Fernandes,POR,Southampton,MF,21,33,31,2640.0,2,3,8,0,3.8,2.6,73,131,102,0.07,0.10,0.13,0.09,,,,,35.9,0.48,0.05,18.5,1003,79.9,16952,87.9,85.6,55.3,31,91,21,4,131,71,2.42,6,0.20,86,46,64,31,40,6,34,21,1619,59,345,800,511,46,99,45,45,836,2981,73,66,8,52,33,1000,102,42,53,4,104,165,13,9,59.1,€22.5M,61.5/79.1
187,Matheus Cunha,BRA,Wolves,"MF,FW",26,30,27,2425.0,15,6,3,0,7.9,7.3,104,131,147,0.56,0.22,0.29,0.27,,,,,41.2,1.48,0.15,20.6,743,71.9,11781,85.1,75.9,45.1,51,89,54,10,131,118,4.38,16,0.59,35,21,36,25,19,1,18,17,1425,22,173,657,643,117,130,58,57,819,3108,104,88,36,72,48,957,147,41,69,8,123,123,10,27,27.0,€62.6M,80.9/83.2
188,Matheus Nunes,POR,Manchester City,"DF,MF",27,24,17,1494.0,1,5,4,0,0.9,4.2,59,69,156,0.06,0.30,0.05,0.25,,,,,42.9,0.18,0.14,18.3,957,86.3,14863,91.3,88.2,64.9,21,45,25,7,69,39,2.35,6,0.36,32,21,34,19,14,3,11,13,1267,39,221,494,560,54,36,16,13,779,2131,59,31,22,29,13,916,156,28,17,6,39,60,13,16,44.8,€42.3M,71.6/72.7
189,Matthijs de Ligt,NED,Manchester Utd,DF,26,29,25,2123.0,2,0,3,0,2.5,0.3,7,55,6,0.08,0.00,0.10,0.01,,,,,50.0,0.38,0.11,7.9,1241,89.9,21813,94.2,94.4,49.1,6,63,2,1,55,14,0.59,1,0.04,30,22,32,9,29,21,8,33,1609,184,829,731,56,29,4,2,2,1079,2226,7,3,0,5,3,1159,6,16,12,2,6,68,58,29,66.7,€52.2M,75.6/82.9
190,Matty Cash,POL,Aston Villa,DF,28,24,21,1800.0,1,1,6,0,0.3,1.1,46,39,75,0.05,0.05,0.02,0.05,,,,,40.0,0.20,0.10,19.0,642,79.2,10745,90.2,80.0,52.3,10,37,9,5,39,22,1.10,2,0.10,47,27,34,10,18,7,11,21,1012,73,365,401,257,37,36,15,16,507,1618,46,34,4,17,9,575,75,25,16,1,33,64,17,19,47.2,€32.9M,74.9/74.9
191,Matz Sels,BEL,Nott'ham Forest,GK,33,34,34,3060.0,0,0,3,0,0.0,0.0,0,1,0,0.00,0.00,0.00,0.00,1.21,73.8,38.2,0.0,,0.00,,,454,50.5,17261,100.0,97.8,36.5,1,39,2,0,1,5,0.15,0,0.00,1,1,1,0,0,0,0,0,990,757,975,15,0,0,0,0,0,483,1481,0,0,0,0,0,383,0,0,10,0,0,11,14,2,87.5,€9.1M,72.7/73.4
192,Max Kilman,ENG,West Ham,DF,28,35,35,3078.0,0,1,4,0,1.4,1.2,29,107,6,0.00,0.03,0.04,0.03,,,,,16.7,0.06,0.00,8.9,1545,86.7,29958,91.9,92.8,58.0,16,102,4,0,107,29,0.85,3,0.09,33,20,25,4,55,37,18,38,2173,433,1206,879,104,31,20,14,2,1149,2957,29,12,2,16,3,1440,6,21,13,2,3,139,104,51,67.1,€36.7M,72.3/72.3
193,Maxence Lacroix,FRA,Crystal Palace,DF,25,31,31,2756.0,1,1,5,0,2.8,0.8,8,59,7,0.03,0.03,0.09,0.02,,,,,20.0,0.16,0.04,11.8,1093,81.9,22521,85.3,90.9,55.3,6,66,2,1,59,26,0.85,4,0.13,67,40,47,15,41,16,25,50,1737,314,1060,612,72,36,13,8,3,931,1946,8,4,0,21,3,1024,7,31,18,1,6,121,54,44,55.1,€27.7M,76.4/80.0
194,Micky van de Ven,NED,Tottenham,DF,24,12,11,950.0,0,2,4,0,0.6,1.2,8,51,1,0.00,0.19,0.05,0.11,,,,,33.3,0.19,0.00,11.1,706,91.0,13313,91.7,96.5,62.5,2,50,1,0,51,11,1.04,2,0.19,10,6,14,6,9,6,3,10,862,101,442,393,36,9,8,4,4,599,1388,8,10,1,5,4,629,1,10,8,0,0,61,19,18,51.4,€61.8M,71.1/79.1
195,Mikel Merino,ESP,Arsenal,"MF,FW",29,26,15,1418.0,6,2,2,0,4.4,1.9,9,62,88,0.38,0.13,0.28,0.12,,,,,37.5,0.76,0.19,10.5,422,78.0,5811,86.9,78.7,53.3,15,34,24,4,62,39,2.48,4,0.25,38,22,29,14,18,5,13,14,724,35,130,303,300,72,19,8,7,357,645,9,12,4,22,22,470,88,36,20,7,12,78,57,52,52.3,€40.5M,74.6/74.6
196,Mikkel Damsgaard,DEN,Brentford,"MF,FW",25,35,31,2658.0,2,10,2,0,2.6,7.8,64,213,120,0.07,0.34,0.09,0.27,,,,,21.9,0.24,0.06,17.5,1009,72.7,17293,85.4,73.3,53.0,59,153,67,17,213,114,3.86,21,0.71,78,43,72,44,36,2,34,26,1710,34,309,784,639,72,92,48,33,968,2741,64,42,9,54,44,1129,120,18,27,6,130,159,12,25,32.4,€28.6M,73.4/78.0
197,Mohamed Salah,EGY,Liverpool,FW,33,35,35,3101.0,28,18,1,0,24.0,13.1,144,133,441,0.81,0.52,0.70,0.38,,,,,42.0,1.36,0.17,14.7,832,71.2,12421,83.5,70.1,59.6,82,49,85,14,133,157,4.56,26,0.75,20,11,16,9,11,0,11,7,1568,10,90,473,1024,328,124,55,65,1077,3368,144,54,116,109,63,1313,441,22,36,16,72,95,9,12,42.9,€38.5M,86.6/86.6
198,Mohammed Kudus,GHA,West Ham,"FW,MF",25,29,29,2421.0,4,2,2,1,6.6,2.4,92,76,202,0.15,0.07,0.24,0.09,,,,,29.4,0.74,0.06,15.8,659,83.5,10770,90.2,89.1,67.9,29,44,27,13,76,101,3.76,7,0.26,34,20,27,17,24,1,23,4,1176,12,159,486,572,117,193,87,89,769,2394,92,56,39,70,89,916,202,36,60,18,74,128,10,38,20.8,€61.7M,73.1/79.0
199,Moisés Caicedo,ECU,Chelsea,"MF,DF",24,35,35,3081.0,1,2,10,0,0.8,3.0,38,198,33,0.03,0.06,0.02,0.09,,,,,16.7,0.09,0.06,25.1,1825,89.7,31587,92.2,92.6,78.1,29,219,32,3,198,93,2.72,8,0.23,102,63,80,30,45,10,35,48,2390,89,520,1467,429,13,56,24,20,1318,3008,38,29,2,36,24,1666,33,62,55,0,9,202,33,15,68.8,€80.7M,81.1/91.9
200,Morgan Gibbs-White,ENG,Nott'ham Forest,MF,25,30,30,2451.0,5,7,10,1,4.7,4.5,63,145,116,0.18,0.26,0.17,0.16,,,,,34.0,0.66,0.09,17.0,861,78.1,13218,85.1,81.0,58.1,46,114,35,7,145,101,3.71,17,0.62,39,18,30,15,14,4,10,18,1427,33,169,721,560,86,75,30,34,811,2350,63,46,12,66,39,1071,116,33,36,7,37,114,37,47,44.0,€61.7M,77.1/80.0
201,Morgan Rogers,ENG,Aston Villa,"FW,MF",23,34,34,2853.0,8,8,9,0,6.2,7.4,108,117,177,0.25,0.25,0.20,0.23,,,,,35.8,0.60,0.15,15.9,628,73.9,9245,81.4,76.2,79.7,48,71,52,2,117,101,3.19,14,0.44,36,18,39,20,25,7,18,5,1269,36,185,557,553,135,153,65,68,744,3036,108,64,33,104,68,897,177,46,48,2,22,108,11,43,20.4,€69M,69.2/78.4
202,Murillo,BRA,Nott'ham Forest,DF,23,33,33,2928.0,1,0,5,0,1.4,1.1,20,102,5,0.03,0.00,0.04,0.03,,,,,21.7,0.15,0.04,22.7,1016,77.9,20093,90.2,87.4,48.5,12,116,12,1,102,37,1.14,2,0.06,52,36,45,19,66,43,23,30,1729,386,888,762,93,20,33,26,7,737,2199,20,24,1,18,10,875,5,25,4,0,12,129,42,19,68.9,€68.4M,73.9/85.8
203,Myles Lewis-Skelly,ENG,Arsenal,DF,19,20,13,1168.0,1,0,2,2,0.1,0.4,32,62,33,0.08,0.00,0.01,0.03,,,,,50.0,0.08,0.50,14.3,604,90.7,8962,95.8,90.3,65.0,7,55,8,1,62,24,1.85,0,0.00,22,14,10,0,2,1,1,6,775,20,138,426,225,14,26,12,9,443,1473,32,23,5,11,8,529,33,10,38,0,8,45,8,10,44.4,€34.9M,59.7/79.0
204,Nathan Collins,IRL,Brentford,DF,24,35,35,3150.0,2,3,5,0,2.5,1.8,28,116,18,0.06,0.09,0.07,0.05,,,,,35.3,0.17,0.12,10.7,1570,85.7,30000,87.8,92.4,59.3,10,101,7,2,116,30,0.86,8,0.23,37,22,34,12,71,51,20,32,2254,360,1181,919,164,66,12,6,5,1174,3763,28,12,0,19,8,1364,18,24,28,6,7,149,112,60,65.1,€33.3M,74.2/80.2
205,Neco Williams,WAL,Nott'ham Forest,DF,24,31,24,2234.0,1,2,6,0,2.2,1.5,57,76,82,0.04,0.08,0.09,0.06,,,,,18.2,0.24,0.03,19.7,695,75.6,10453,89.9,71.9,40.4,15,54,18,7,76,44,1.77,5,0.20,73,44,70,27,39,9,30,24,1301,140,478,461,380,36,43,18,18,528,1804,57,26,14,25,17,601,82,22,37,1,43,94,35,28,55.6,€23.4M,71.6/78.5
206,Nick Pope,ENG,Newcastle Utd,GK,33,25,25,2250.0,0,0,2,0,0.0,0.0,0,1,0,0.00,0.00,0.00,0.00,1.32,70.1,28.0,50.0,,0.00,,,504,72.8,12977,99.0,98.5,42.8,1,2,0,0,1,6,0.24,0,0.00,0,0,0,0,1,0,1,1,773,612,762,11,0,0,0,0,0,397,1519,0,0,0,0,1,273,0,2,5,0,0,21,11,1,91.7,€11.7M,70.1/71.3
207,Nicolas Jackson,SEN,Chelsea,FW,24,29,27,2185.0,10,5,7,0,12.3,4.3,46,37,127,0.41,0.21,0.51,0.18,,,,,44.7,1.40,0.13,12.9,300,75.9,4034,82.0,76.7,64.3,28,22,10,1,37,68,2.80,10,0.41,21,12,9,5,14,2,12,3,679,19,50,281,357,139,60,18,31,411,1304,46,25,30,69,41,508,127,33,29,23,3,47,19,36,34.5,€66.2M,81.5/91.3
208,Nicolás Domínguez,ARG,Nott'ham Forest,"MF,FW",27,30,19,1669.0,0,1,8,0,1.4,1.3,12,66,26,0.00,0.05,0.08,0.07,,,,,38.9,0.38,0.00,19.0,709,87.0,10239,91.8,89.8,58.3,13,71,9,1,66,31,1.67,0,0.00,75,40,64,35,34,11,23,27,1049,69,269,542,247,25,8,3,3,395,783,12,11,2,18,9,572,26,29,15,1,5,102,21,19,52.5,€18.8M,74.3/75.4
209,Nikola Milenković,SRB,Nott'ham Forest,DF,28,33,33,2970.0,4,2,4,0,3.6,1.0,3,49,6,0.12,0.06,0.11,0.03,,,,,26.9,0.21,0.15,12.1,728,81.1,14579,87.1,87.2,60.8,8,48,2,0,49,18,0.55,3,0.09,43,26,27,6,39,23,16,24,1228,231,673,477,82,59,1,1,0,472,958,3,3,2,2,2,619,6,17,4,1,0,74,92,36,71.9,€38M,78.2/80.3
210,Noni Madueke,ENG,Chelsea,FW,23,29,24,1813.0,7,3,3,0,9.1,4.1,139,67,213,0.35,0.15,0.45,0.20,,,,,39.0,1.49,0.09,14.4,474,77.6,7011,85.9,76.7,56.4,30,13,34,8,67,77,3.82,8,0.40,22,15,33,20,17,0,17,8,878,19,90,255,548,171,87,38,40,583,3103,139,45,84,43,24,675,213,20,24,5,58,73,10,16,38.5,€51.6M,76.1/86.4
211,Noussair Mazraoui,MAR,Manchester Utd,DF,28,34,31,2639.0,0,1,2,0,0.7,1.3,37,102,51,0.00,0.03,0.02,0.05,,,,,23.1,0.10,0.00,20.6,1409,85.5,21053,91.3,89.1,54.3,18,118,18,5,102,50,1.71,1,0.03,102,60,85,34,33,8,25,34,1976,158,779,903,318,27,47,26,17,1086,2680,37,29,3,23,16,1190,51,37,22,3,20,141,47,28,62.7,€43M,76.6/77.4
212,Nélson Semedo,POR,Wolves,DF,32,31,30,2661.0,0,4,7,0,0.8,2.7,61,70,109,0.00,0.14,0.03,0.09,,,,,37.5,0.20,0.00,23.4,973,80.1,14811,91.1,82.8,46.6,21,63,25,11,70,52,1.76,6,0.20,58,34,53,23,28,10,18,23,1551,116,446,707,416,24,64,29,27,790,2320,61,36,9,40,19,882,109,44,28,4,58,121,27,41,39.7,€8.4M,72.4/72.4
213,Ola Aina,NGA,Nott'ham Forest,DF,29,31,31,2643.0,2,1,2,0,0.6,0.9,56,95,55,0.07,0.03,0.02,0.03,,,,,22.2,0.07,0.22,24.8,868,73.3,13423,88.3,73.5,36.5,13,78,18,8,95,55,1.87,3,0.10,54,41,62,27,32,12,20,31,1509,143,554,628,354,21,66,30,24,657,2432,56,37,10,40,22,719,55,21,33,2,46,166,12,18,40.0,€18.8M,74.2/74.7
214,Oliver Skipp,ENG,Leicester City,MF,25,21,8,996.0,0,0,8,0,0.2,0.3,16,31,19,0.00,0.00,0.01,0.02,,,,,25.0,0.09,0.00,21.0,392,85.0,5965,88.5,93.3,59.4,9,30,4,0,31,14,1.27,0,0.00,20,4,15,6,17,4,13,10,557,24,121,350,90,7,11,6,5,321,629,16,7,3,11,5,390,19,19,13,0,5,40,10,6,62.5,€17M,70.0/76.8
215,Ollie Watkins,ENG,Aston Villa,FW,30,35,28,2333.0,15,7,2,0,14.7,3.0,52,29,148,0.58,0.27,0.57,0.12,,,,,42.3,1.27,0.17,12.2,284,74.2,3580,79.3,81.5,75.0,23,12,12,0,29,51,1.97,11,0.42,9,6,11,8,11,3,8,8,636,18,48,229,368,155,38,9,25,375,1052,52,21,36,53,46,502,148,27,30,13,7,39,47,62,43.1,€61.4M,80.4/80.9
216,Omar Marmoush,EGY,Manchester City,"FW,MF",26,13,12,998.0,6,0,0,0,4.8,1.7,21,29,68,0.54,0.00,0.43,0.15,,,,,42.1,1.44,0.16,18.0,203,78.1,2782,83.6,79.7,50.0,13,8,24,4,29,33,2.98,1,0.09,11,6,15,8,15,1,14,5,416,3,29,121,271,56,39,16,18,262,760,21,15,11,37,15,295,68,13,17,9,25,32,5,8,38.5,€79.1M,77.1/79.4
217,Orel Mangala,BEL,Everton,MF,27,19,14,1261.0,1,0,2,0,1.1,0.6,6,34,19,0.07,0.00,0.08,0.05,,,,,37.5,0.43,0.06,22.1,437,89.2,6998,90.5,94.9,76.7,8,50,8,1,34,24,1.72,1,0.07,16,8,8,3,8,3,5,21,621,22,133,335,157,13,24,14,9,298,576,6,6,3,12,12,406,19,24,17,2,6,49,6,8,42.9,€24.4M,71.2/71.5
218,Pape Matar Sarr,SEN,Tottenham,MF,23,33,19,1726.0,3,2,6,0,3.3,1.6,32,85,51,0.16,0.10,0.17,0.08,,,,,40.6,0.68,0.09,21.9,855,87.0,13093,90.8,90.0,73.3,15,86,11,2,85,41,2.14,6,0.31,43,31,23,12,23,9,14,26,1188,38,249,669,288,26,28,11,15,746,1839,32,35,5,27,21,839,51,31,34,2,14,108,28,40,41.2,€50.8M,70.5/80.6
219,Pau Torres,ESP,Aston Villa,DF,28,21,21,1819.0,0,0,1,0,0.5,0.1,33,77,4,0.00,0.00,0.03,0.00,,,,,25.0,0.10,0.00,11.7,1079,88.7,18849,94.9,93.4,53.1,2,96,7,0,77,12,0.59,2,0.10,20,14,15,6,14,10,4,9,1349,218,654,622,79,16,17,15,2,839,3596,33,20,0,4,4,963,4,8,7,0,1,54,16,26,38.1,€45.3M,75.6/77.2
220,Paul Onuachu,NGA,Southampton,FW,31,24,11,1029.0,4,1,4,0,3.6,0.5,7,13,40,0.35,0.09,0.32,0.04,,,,,44.1,1.31,0.12,10.4,156,60.7,2219,62.9,62.7,63.2,8,13,2,0,13,9,0.79,1,0.09,7,2,7,4,7,2,5,1,428,17,43,228,160,66,25,7,14,208,243,7,5,2,49,33,349,40,28,16,9,0,17,90,56,61.6,€12.7M,63.1/63.1
221,Pedro Neto,POR,Chelsea,FW,25,32,21,2013.0,4,5,8,0,2.9,6.0,118,58,231,0.18,0.22,0.13,0.27,,,,,29.6,0.72,0.07,18.8,632,78.6,10321,92.6,81.5,47.9,44,29,37,23,58,86,3.85,8,0.36,22,9,19,11,13,2,11,9,1034,13,92,302,657,106,92,30,40,670,2994,118,52,41,40,25,752,231,19,29,3,134,71,10,26,27.8,€60.6M,70.6/75.9
222,Pedro Porro,ESP,Tottenham,DF,26,31,26,2463.0,2,6,4,0,1.5,4.0,63,147,106,0.07,0.22,0.06,0.15,,,,,21.6,0.29,0.05,23.1,1324,73.5,23083,87.5,79.3,44.2,54,120,55,26,147,104,3.80,8,0.29,63,46,73,31,44,17,27,34,2131,124,623,772,749,30,39,13,24,1132,2677,63,40,5,23,17,1229,106,24,30,1,191,148,11,22,33.3,€55.9M,74.6/79.7
223,Pervis Estupiñán,ECU,Brighton,DF,27,28,24,2222.0,1,1,5,0,1.1,2.1,55,116,107,0.04,0.04,0.04,0.08,,,,,30.4,0.28,0.04,24.5,1245,83.3,18925,93.5,83.3,49.0,24,97,32,18,116,52,2.11,4,0.16,58,39,46,15,16,2,14,34,1766,72,439,878,467,31,30,16,13,944,2388,55,55,9,31,27,1070,107,33,17,3,114,136,43,26,62.3,€37.1M,74.0/76.2
224,Phil Foden,ENG,Manchester City,"MF,FW",25,26,19,1693.0,7,2,2,0,5.1,4.7,47,95,119,0.37,0.11,0.27,0.25,,,,,30.8,0.85,0.13,18.5,743,84.0,11571,90.6,89.2,59.6,42,40,35,5,95,84,4.47,9,0.48,12,5,17,10,12,1,11,9,1076,13,81,375,629,79,39,13,21,677,1676,47,30,15,35,30,842,119,5,32,3,73,59,3,8,27.3,€105.7M,86.5/93.6
225,Riccardo Calafiori,ITA,Arsenal,DF,23,17,11,925.0,2,1,4,0,0.9,0.3,21,54,29,0.19,0.10,0.08,0.03,,,,,60.0,0.58,0.20,14.1,449,85.4,6549,91.6,85.7,67.9,6,40,9,1,54,13,1.26,2,0.19,26,18,29,11,12,6,6,9,628,30,161,249,222,29,13,9,3,291,839,21,12,3,11,5,377,29,16,6,3,11,30,22,13,62.9,€49.3M,73.1/80.7
226,Rico Lewis,ENG,Manchester City,"DF,MF",21,27,20,1818.0,1,2,5,1,1.4,0.3,36,104,68,0.05,0.10,0.07,0.02,,,,,20.0,0.10,0.10,15.8,1143,92.0,16487,94.8,94.2,68.3,7,92,14,0,104,31,1.54,3,0.15,29,19,21,8,28,7,21,13,1404,51,286,707,427,42,21,9,11,816,2034,36,38,8,19,19,1005,68,11,33,0,3,94,5,13,27.8,€62.7M,75.0/88.9
227,Robert Sánchez,ESP,Chelsea,GK,28,29,29,2610.0,0,0,5,0,0.0,0.1,0,1,0,0.00,0.00,0.00,0.00,1.10,76.3,27.6,20.0,,0.00,,,809,71.6,19461,99.5,96.4,38.7,2,25,1,0,1,7,0.24,2,0.07,0,0,1,1,0,0,0,2,1197,884,1186,11,0,0,0,0,0,800,2470,0,0,0,0,0,749,0,2,4,0,0,41,9,0,100.0,€24.9M,75.8/75.8
228,Rodrigo Bentancur,URU,Tottenham,MF,28,23,19,1518.0,2,0,7,0,1.3,0.4,26,99,34,0.12,0.00,0.08,0.03,,,,,22.7,0.30,0.09,17.4,916,88.1,14862,91.1,92.7,75.4,10,107,12,2,99,45,2.67,3,0.18,38,20,39,20,24,8,16,36,1252,70,299,747,215,24,18,8,8,739,1446,26,23,5,18,19,826,34,31,10,1,4,111,35,27,56.5,€31.5M,74.3/75.0
229,Rodrigo Muniz,BRA,Fulham,FW,24,31,8,964.0,8,1,1,0,5.8,0.7,6,27,31,0.75,0.09,0.54,0.07,,,,,48.7,1.77,0.21,12.0,92,64.8,1540,67.6,68.9,84.6,7,13,3,0,27,17,1.59,2,0.19,10,5,4,0,9,2,7,5,311,14,27,161,127,55,18,6,9,157,187,6,4,3,47,24,237,31,11,31,3,1,14,67,63,51.5,€8.2M,66.7/71.6
230,Ryan Christie,SCO,Bournemouth,MF,30,29,27,2117.0,2,3,9,0,1.8,3.5,34,137,44,0.09,0.13,0.08,0.15,,,,,36.4,0.51,0.06,19.6,837,79.3,14882,88.2,87.9,48.8,41,118,33,5,137,85,3.62,9,0.38,54,33,64,37,44,11,33,30,1376,74,256,773,372,46,48,23,22,726,1773,34,40,8,44,25,777,44,43,31,1,48,182,20,28,41.7,€16.2M,76.7/76.7
231,Ryan Gravenberch,NED,Liverpool,MF,23,34,34,2921.0,0,4,5,0,1.0,2.9,65,168,54,0.00,0.12,0.03,0.09,,,,,27.8,0.15,0.00,24.7,1595,88.9,23774,92.5,91.7,60.8,25,140,32,1,168,65,2.00,6,0.18,65,34,51,21,34,10,24,57,2176,104,446,1274,485,23,75,36,28,1286,3408,65,71,9,48,21,1548,54,42,46,0,6,182,26,14,65.0,€85.3M,86.8/98.3
232,Ryan Yates,ENG,Nott'ham Forest,MF,28,31,18,1859.0,2,1,9,0,2.3,1.1,17,47,14,0.10,0.05,0.11,0.06,,,,,28.1,0.44,0.06,19.3,588,81.7,8670,87.9,85.8,56.6,17,46,4,0,47,36,1.74,3,0.15,41,21,37,20,35,9,26,26,993,75,263,484,256,40,18,9,5,407,888,17,18,1,23,18,523,14,51,48,6,5,93,43,30,58.9,€18.3M,72.2/74.0
233,Rúben Dias,POR,Manchester City,DF,28,24,22,2001.0,0,0,4,0,1.4,0.3,35,122,6,0.00,0.00,0.06,0.01,,,,,27.8,0.22,0.00,19.2,1943,93.6,33548,97.0,96.3,66.9,5,189,5,0,122,22,0.99,1,0.04,16,10,11,4,17,14,3,18,2230,195,749,1231,255,22,3,2,1,1592,5295,35,54,1,7,1,1815,6,12,8,0,3,68,30,31,49.2,€58.5M,86.4/86.4
234,Sam Morsy,EGY,Ipswich Town,MF,34,30,28,2486.0,1,1,10,0,0.3,0.8,16,104,9,0.04,0.04,0.01,0.03,,,,,22.2,0.07,0.11,26.3,1103,86.2,17664,93.2,91.3,57.4,18,132,13,2,104,40,1.45,2,0.07,62,36,57,31,32,13,19,28,1498,88,447,855,210,4,21,12,7,761,1783,16,20,2,15,10,999,9,45,24,0,12,138,17,23,42.5,€1.3M,65.0/65.6
235,Sammie Szmodics,IRL,Ipswich Town,"FW,MF",30,19,13,979.0,4,0,2,0,3.4,0.2,16,18,46,0.37,0.00,0.31,0.02,,,,,57.1,1.10,0.19,14.0,144,74.2,2402,87.0,84.4,51.7,4,10,4,1,18,9,0.83,0,0.00,15,9,23,17,10,2,8,6,309,17,80,119,116,33,12,4,6,174,399,16,8,7,24,17,189,46,9,8,8,13,41,6,11,35.3,€14.1M,61.3/61.3
236,Sander Berge,NOR,Fulham,MF,27,28,24,2091.0,0,0,5,0,0.2,0.6,27,116,8,0.00,0.00,0.01,0.03,,,,,0.0,0.00,0.00,7.6,1017,91.4,18059,91.7,94.6,83.5,17,105,4,0,116,41,1.76,2,0.09,48,28,37,12,26,8,18,20,1291,76,354,737,206,13,20,11,6,754,1856,27,22,2,12,15,836,8,29,8,0,3,118,27,20,57.4,€27.8M,72.4/72.7
237,Sandro Tonali,ITA,Newcastle Utd,MF,25,33,25,2360.0,3,2,5,0,3.7,1.4,34,116,48,0.11,0.08,0.14,0.05,,,,,31.3,0.38,0.09,19.6,1136,83.5,17948,89.8,87.0,61.8,20,91,26,4,116,61,2.32,8,0.30,47,30,44,22,32,10,22,33,1624,63,372,896,382,41,35,19,13,878,2037,34,34,5,27,23,1127,48,36,44,2,31,163,12,11,52.2,€52.9M,78.0/82.3
238,Santiago Bueno,URU,Wolves,DF,27,28,18,1683.0,0,0,2,0,0.4,0.0,1,28,1,0.00,0.00,0.02,0.00,,,,,50.0,0.16,0.00,14.0,741,88.0,13598,92.5,93.9,56.0,0,24,2,0,28,12,0.64,4,0.21,40,21,22,5,35,20,15,15,1023,169,520,485,21,6,4,0,4,555,1430,1,2,0,2,2,660,1,26,5,0,0,43,35,31,53.0,€11.2M,68.6/71.2
239,Saša Lukić,SRB,Fulham,MF,29,28,26,2169.0,0,2,12,0,1.2,2.6,37,92,29,0.00,0.08,0.05,0.11,,,,,11.8,0.08,0.00,20.1,1027,87.7,17364,91.9,92.0,70.3,23,97,15,6,92,50,2.08,3,0.12,66,37,53,32,19,7,12,26,1394,50,303,797,307,18,17,8,5,775,2083,37,39,4,22,8,897,29,62,26,0,55,107,18,24,42.9,€12.1M,72.1/72.1
240,Sepp van den Berg,NED,Brentford,DF,24,28,26,2316.0,0,0,2,0,1.7,0.5,10,71,27,0.00,0.00,0.07,0.02,,,,,31.3,0.19,0.00,10.6,959,84.7,16623,87.7,89.2,62.9,5,58,3,1,71,22,0.85,2,0.08,37,22,27,9,50,36,14,20,1431,252,730,546,159,42,7,4,3,636,1663,10,9,1,14,7,809,27,20,5,1,7,87,84,66,56.0,€26.4M,71.5/79.4
241,Simon Adingra,CIV,Brighton,"FW,MF",23,26,10,956.0,2,1,0,0,2.2,1.8,37,14,119,0.19,0.09,0.21,0.17,,,,,28.0,0.66,0.08,16.2,255,76.1,3699,87.0,74.0,55.6,13,5,12,5,14,39,3.68,7,0.66,23,14,22,12,12,0,12,8,488,8,63,158,272,64,48,21,27,324,1042,37,17,20,35,11,341,119,11,3,2,35,41,6,3,66.7,€34M,67.6/75.0
242,Stefan Ortega,GER,Manchester City,GK,33,13,12,1100.0,0,0,1,0,0.0,0.0,0,0,0,0.00,0.00,0.00,0.00,1.47,68.0,25.0,0.0,,0.00,,,373,81.3,8327,97.1,96.9,51.3,0,6,0,0,0,0,0.00,0,0.00,0,0,1,1,0,0,0,0,492,383,489,3,0,0,0,0,0,323,864,0,0,0,0,0,309,0,1,2,0,0,8,2,0,100.0,€5.8M,61.7/61.7
243,Stephy Mavididi,ENG,Leicester City,FW,27,30,16,1615.0,4,1,2,0,1.8,2.6,91,57,138,0.22,0.06,0.10,0.15,,,,,26.9,0.39,0.15,16.1,460,75.0,6191,91.1,67.4,41.9,22,32,26,7,57,50,2.78,7,0.39,34,19,42,28,26,2,24,11,863,23,132,327,421,61,95,35,47,583,2355,91,40,27,39,35,623,138,18,18,3,69,83,9,15,37.5,€12.9M,66.8/70.1
244,Sávio,BRA,Manchester City,"FW,MF",21,27,21,1734.0,1,8,3,0,4.9,6.8,133,66,239,0.05,0.42,0.25,0.35,,,,,38.9,1.09,0.02,17.7,676,80.9,10078,89.8,80.1,57.4,44,19,47,8,66,107,5.55,15,0.78,22,16,18,9,13,2,11,6,1071,14,55,281,754,149,111,51,39,766,3494,133,44,73,42,37,834,239,17,27,3,81,79,1,2,33.3,€74.8M,77.8/91.6
245,Taylor Harwood-Bellis,ENG,Southampton,DF,23,32,30,2654.0,1,0,9,0,1.8,1.0,29,119,9,0.03,0.00,0.06,0.03,,,,,40.0,0.27,0.05,10.6,1807,87.9,33577,92.9,91.8,64.4,14,171,10,1,119,37,1.25,2,0.07,27,19,34,15,60,38,22,30,2349,313,1089,1092,178,40,3,3,0,1361,3731,29,27,0,15,5,1704,9,34,14,0,10,120,56,42,57.1,€29.9M,66.9/79.9
246,Thomas Partey,GHA,Arsenal,"MF,DF",32,32,28,2527.0,4,2,4,0,2.0,1.9,32,171,47,0.14,0.07,0.07,0.07,,,,,30.4,0.25,0.17,19.5,1525,87.3,24370,92.9,88.6,66.4,17,151,33,2,171,58,2.07,13,0.46,80,49,72,28,25,7,18,33,1989,66,418,1098,485,28,33,22,9,1125,3235,32,37,3,22,16,1416,47,40,28,1,12,123,26,22,54.2,€15.2M,77.2/77.2
247,Timothy Castagne,BEL,Fulham,DF,30,24,17,1649.0,0,1,1,0,0.4,1.2,17,62,67,0.00,0.05,0.02,0.07,,,,,37.5,0.16,0.00,14.0,780,81.8,12441,89.8,85.9,49.3,9,51,5,3,62,25,1.36,3,0.16,46,29,45,19,15,6,9,22,1164,92,449,462,259,32,12,5,5,547,1044,17,15,2,15,5,665,67,15,6,1,37,57,34,35,49.3,€17.4M,75.9/75.9
248,Tomáš Souček,CZE,West Ham,MF,30,32,27,2330.0,8,1,8,0,6.0,1.0,6,70,64,0.31,0.04,0.23,0.04,,,,,26.9,0.54,0.15,12.1,652,73.7,10890,79.6,76.4,68.9,14,59,8,1,70,43,1.66,3,0.12,42,20,39,17,36,17,19,18,1165,110,314,577,279,98,12,6,6,443,464,6,10,3,17,12,692,64,44,24,4,13,57,95,68,58.3,€23.2M,75.6/75.6
249,Tosin Adarabioyo,ENG,Chelsea,DF,28,20,13,1229.0,1,1,3,0,0.9,0.2,5,37,1,0.07,0.07,0.07,0.02,,,,,16.7,0.15,0.08,12.5,988,91.4,18105,95.7,94.9,61.1,1,53,1,0,37,12,0.88,1,0.07,14,10,12,4,9,7,2,10,1198,160,570,603,26,13,5,4,0,713,1690,5,2,0,3,0,916,1,8,6,1,0,34,36,26,58.1,€24.3M,74.1/74.1
250,Toti Gomes,POR,Wolves,DF,26,28,27,2344.0,0,1,6,0,0.7,0.9,21,67,15,0.00,0.04,0.03,0.04,,,,,28.6,0.08,0.00,11.6,1272,85.1,21197,91.3,92.4,49.3,9,72,5,3,67,20,0.77,1,0.04,53,38,37,7,28,17,11,23,1772,207,847,851,95,15,28,19,7,1028,2641,21,18,0,16,13,1202,15,23,14,4,13,100,48,24,66.7,€18.6M,70.6/72.1
251,Trent Alexander-Arnold,ENG,Liverpool,DF,27,31,28,2296.0,3,6,5,0,1.8,6.7,50,221,90,0.12,0.24,0.07,0.26,,,,,18.6,0.31,0.07,23.3,1394,73.6,26638,89.8,76.1,48.6,50,198,63,21,221,94,3.68,10,0.39,70,49,102,54,26,9,17,30,2170,86,578,974,632,44,32,14,16,1135,2778,50,35,9,19,15,1381,90,11,8,1,146,129,3,13,18.8,€55.8M,85.3/87.4
252,Trevoh Chalobah,ENG,Crystal Palace,DF,26,12,12,1060.0,3,0,1,0,1.2,0.4,11,34,6,0.25,0.00,0.10,0.03,,,,,36.4,0.34,0.27,15.1,349,79.0,6831,88.7,85.2,51.2,4,27,2,1,34,11,0.93,0,0.00,20,16,23,11,19,9,10,19,594,66,275,276,51,14,10,6,2,278,661,11,9,1,4,7,317,6,10,15,1,7,56,22,19,53.7,€20.1M,75.2/78.8
253,Tyler Adams,USA,Bournemouth,MF,26,25,18,1710.0,0,3,7,0,1.6,1.0,12,65,9,0.00,0.16,0.08,0.05,,,,,25.0,0.11,0.00,16.1,757,83.6,11872,88.7,88.0,54.7,16,57,2,1,65,37,1.95,4,0.21,75,46,66,31,33,10,23,32,1151,53,308,661,194,17,16,3,9,554,1183,12,17,1,27,12,630,9,41,19,0,3,100,29,17,63.0,€24.4M,72.9/75.9
254,Tyler Dibling,ENG,Southampton,"FW,MF",19,31,18,1742.0,2,0,6,0,2.5,1.5,68,61,93,0.10,0.00,0.13,0.08,,,,,32.1,0.46,0.07,19.3,472,80.7,7050,90.2,85.1,43.5,20,25,20,1,61,56,2.89,4,0.21,34,20,26,10,19,5,14,8,823,25,110,372,360,41,104,44,38,533,2129,68,49,26,41,53,617,93,28,49,2,28,75,10,21,32.3,€32.7M,53.3/81.5
255,Tyrick Mitchell,ENG,Crystal Palace,DF,26,34,34,2852.0,0,4,2,0,1.2,5.6,56,62,160,0.00,0.13,0.04,0.18,,,,,18.2,0.06,0.00,13.4,904,72.2,14514,84.3,74.5,42.3,37,45,31,14,62,66,2.08,5,0.16,85,52,41,20,62,12,50,14,1614,104,560,615,452,42,31,13,15,742,1555,56,33,9,35,28,827,160,20,22,2,97,152,18,21,46.2,€24.6M,80.7/83.8
256,Tyrone Mings,ENG,Aston Villa,DF,32,13,11,1051.0,0,0,1,0,0.8,0.2,6,39,0,0.00,0.00,0.07,0.02,,,,,11.1,0.09,0.00,11.8,581,88.6,10405,92.7,94.3,54.0,3,47,5,0,39,17,1.45,2,0.17,6,5,2,0,13,11,2,7,767,139,388,340,43,15,2,2,0,472,1333,6,12,0,3,1,523,0,3,9,0,1,33,26,21,55.3,€5.8M,69.5/69.5
257,Valentino Livramento,ENG,Newcastle Utd,DF,23,34,29,2570.0,0,1,1,0,0.2,2.3,73,144,98,0.00,0.04,0.01,0.08,,,,,20.0,0.04,0.00,20.6,1278,85.0,18914,90.6,86.3,57.0,21,98,24,5,144,39,1.37,2,0.07,52,34,56,26,34,10,24,21,1796,108,572,822,427,33,48,21,20,934,2984,73,39,11,26,34,1040,98,6,34,2,45,173,23,31,42.6,€49.3M,73.6/84.3
258,Virgil van Dijk,NED,Liverpool,DF,34,35,35,3150.0,3,1,4,0,2.3,0.7,18,179,6,0.09,0.03,0.07,0.02,,,,,29.6,0.23,0.11,13.0,2535,91.6,46209,96.1,95.5,67.1,12,269,6,0,179,47,1.34,4,0.11,35,17,20,9,25,14,11,53,3117,420,1249,1718,159,48,5,3,2,1736,4519,18,21,3,9,5,2151,6,16,12,0,1,110,111,46,70.7,€24.3M,79.8/80.3
259,Vitaliy Mykolenko,UKR,Everton,DF,26,32,32,2812.0,0,1,3,0,0.4,1.6,31,105,90,0.00,0.03,0.01,0.05,,,,,0.0,0.00,0.00,20.5,908,74.4,15184,89.0,74.2,44.7,20,96,37,22,105,38,1.22,3,0.10,55,33,51,25,24,9,15,37,1541,115,480,656,416,30,20,8,9,636,1432,31,27,1,21,10,783,90,20,28,3,91,79,46,36,56.1,€33.5M,75.7/77.8
260,Vitaly Janelt,GER,Brentford,MF,27,32,27,2254.0,1,3,3,0,0.8,2.2,17,80,38,0.04,0.12,0.03,0.09,,,,,28.6,0.16,0.07,17.7,872,82.5,14466,90.6,85.4,55.9,14,78,23,7,80,32,1.28,3,0.12,38,22,36,15,33,9,24,27,1289,118,418,574,306,32,12,3,7,652,1278,17,18,3,16,10,814,38,24,15,1,30,107,19,11,63.3,€27.1M,77.0/77.8
261,Wes Burns,WAL,Ipswich Town,"FW,DF",31,18,12,926.0,0,1,1,0,0.5,1.6,38,8,65,0.00,0.10,0.05,0.16,,,,,14.3,0.10,0.00,18.3,153,60.5,2416,80.4,65.4,38.9,10,8,8,7,8,16,1.55,1,0.10,13,11,10,6,7,2,5,10,350,21,69,129,160,18,24,9,14,216,696,38,13,10,17,13,220,65,4,11,0,46,50,8,21,27.6,€2.1M,64.4/64.4
262,Wesley Fofana,FRA,Chelsea,DF,25,14,14,1172.0,0,0,7,0,0.4,0.4,19,32,4,0.00,0.00,0.03,0.03,,,,,0.0,0.00,0.00,10.6,724,90.2,12262,93.9,92.5,61.9,6,54,1,0,32,15,1.15,0,0.00,13,12,14,8,14,9,5,14,933,81,370,523,55,10,15,8,3,557,1614,19,12,1,16,5,665,4,24,16,0,1,54,27,12,69.2,€30.3M,72.6/77.7
263,Wilfred Ndidi,NGA,Leicester City,MF,29,26,26,2147.0,0,4,8,0,2.0,1.8,17,65,75,0.00,0.17,0.09,0.08,,,,,36.4,0.34,0.00,13.9,775,80.3,11104,87.0,82.1,54.5,15,62,10,3,65,27,1.13,3,0.13,81,50,54,27,47,19,28,26,1298,113,430,634,246,60,32,13,17,628,1029,17,23,2,34,33,772,75,39,17,3,30,121,55,55,50.0,€20.3M,69.3/70.8
264,Will Hughes,ENG,Crystal Palace,MF,30,29,21,1869.0,0,3,11,0,1.0,2.7,18,82,24,0.00,0.14,0.05,0.13,,,,,5.3,0.05,0.00,22.6,658,76.1,10532,88.6,82.7,36.7,29,69,14,3,82,61,2.94,6,0.29,61,33,59,32,29,14,15,19,1070,41,253,551,278,14,14,4,6,469,1120,18,22,1,19,24,594,24,60,30,0,65,107,17,17,50.0,€11.1M,72.5/72.5
265,William Saliba,FRA,Arsenal,DF,24,33,33,2904.0,2,0,2,1,2.3,0.9,16,134,6,0.06,0.00,0.07,0.03,,,,,33.3,0.06,0.33,5.4,2320,94.2,39927,95.7,96.0,79.9,7,175,6,0,134,26,0.81,1,0.03,60,36,27,6,24,15,9,21,2717,178,1072,1519,141,18,19,12,6,1675,4013,16,17,1,18,7,2056,6,28,17,1,3,146,58,35,62.4,€79.5M,88.9/96.7
266,Wout Faes,BEL,Leicester City,DF,27,31,27,2545.0,1,0,4,0,1.4,0.1,12,80,1,0.04,0.00,0.05,0.00,,,,,9.1,0.04,0.09,10.0,1252,87.7,23226,93.8,95.0,53.7,4,79,6,0,80,17,0.60,0,0.00,39,23,43,20,45,33,12,26,1735,277,852,824,67,26,6,5,1,1011,2703,12,13,2,16,6,1154,1,21,10,1,5,87,41,34,54.7,€25M,67.2/70.8
267,Yankuba Minteh,GAM,Brighton,"FW,MF",21,29,17,1587.0,6,4,6,0,4.0,4.7,71,40,163,0.34,0.23,0.22,0.27,,,,,50.0,0.85,0.20,13.5,297,62.3,4794,78.3,61.9,47.5,25,13,29,8,40,54,3.07,11,0.62,45,32,45,28,20,0,20,11,723,30,129,204,408,121,84,40,37,410,1768,71,19,56,44,21,423,163,20,10,4,76,75,16,32,33.3,€42.6M,74.0/85.6
268,Yasin Ayari,SWE,Brighton,MF,22,31,19,1759.0,1,1,3,0,2.2,2.2,30,69,59,0.05,0.05,0.11,0.11,,,,,28.0,0.36,0.04,19.0,713,81.2,10693,91.5,84.7,37.1,28,52,17,4,69,58,2.97,6,0.31,54,29,51,30,23,6,17,20,1119,52,247,569,320,43,41,17,15,585,1398,30,25,6,34,21,716,59,33,23,3,64,107,14,20,41.2,€21.4M,67.1/79.5
269,Yehor Yarmoliuk,UKR,Brentford,MF,21,28,12,1196.0,0,0,5,0,0.6,0.9,15,52,43,0.00,0.00,0.05,0.07,,,,,22.2,0.15,0.00,15.9,535,85.5,9309,86.4,88.4,83.8,9,62,7,4,52,22,1.66,2,0.15,39,24,46,23,24,7,17,10,795,52,218,413,179,15,21,10,9,412,748,15,17,3,24,16,493,43,13,9,2,16,92,8,7,53.3,€18M,65.9/75.9
270,Yoane Wissa,COD,Brentford,FW,29,32,31,2650.0,18,3,2,0,16.2,1.8,51,57,135,0.61,0.10,0.55,0.06,,,,,46.3,1.26,0.23,13.3,409,76.2,5942,85.1,75.5,57.8,23,41,9,1,57,61,2.07,8,0.27,22,12,27,16,29,8,21,8,851,32,130,349,387,147,45,13,23,498,1453,51,23,28,70,29,600,135,28,47,14,20,67,29,34,46.0,€31.4M,76.7/76.7
271,Youri Tielemans,BEL,Aston Villa,MF,28,35,35,2997.0,3,7,4,0,3.1,6.9,39,234,48,0.09,0.21,0.09,0.21,,,,,31.6,0.36,0.08,20.3,1679,82.1,28817,89.7,87.4,54.1,59,228,37,4,234,119,3.57,12,0.36,83,57,73,33,37,16,21,22,2361,100,472,1357,557,42,60,31,18,1275,2541,39,26,9,30,29,1654,48,41,56,0,118,145,22,18,55.0,€41.5M,79.1/79.9
272,Yukinari Sugawara,JPN,Southampton,"DF,MF",25,29,15,1467.0,1,1,4,0,0.5,2.2,32,68,76,0.06,0.06,0.03,0.14,,,,,38.5,0.31,0.08,19.2,689,79.9,10831,88.2,82.9,47.9,17,43,21,9,68,39,2.39,1,0.06,29,16,30,12,17,7,10,10,1023,61,306,395,327,29,20,9,10,553,1354,32,15,7,18,4,692,76,15,9,4,69,40,5,9,35.7,€15.7M,65.6/72.2
273,Yves Bissouma,MLI,Tottenham,MF,29,25,16,1300.0,2,0,7,0,0.6,0.3,15,72,3,0.14,0.00,0.04,0.02,,,,,36.4,0.28,0.18,23.6,717,89.2,10842,92.7,92.9,63.8,6,59,10,1,72,15,1.04,0,0.00,47,29,33,15,9,6,3,15,983,63,284,554,151,5,22,7,15,577,1527,15,17,0,25,14,670,3,23,18,0,2,78,5,7,41.7,€29.8M,71.4/71.7
274,Álex Moreno,ESP,Nott'ham Forest,"DF,MF",32,15,11,955.0,0,1,2,0,0.2,1.3,26,34,34,0.00,0.09,0.02,0.12,,,,,0.0,0.00,0.00,23.7,308,72.0,4574,87.6,64.2,35.0,8,25,9,2,34,16,1.51,2,0.19,25,18,39,24,11,5,6,15,559,60,210,202,158,8,21,8,8,229,864,26,16,4,13,6,258,34,12,6,0,19,50,3,11,21.4,€11M,68.5/69.2
275,İlkay Gündoğan,GER,Manchester City,MF,35,31,23,2050.0,0,5,1,0,2.7,2.8,57,115,86,0.00,0.22,0.12,0.12,,,,,20.0,0.22,0.00,18.3,1408,89.3,21666,94.4,91.9,62.9,37,97,21,2,115,74,3.25,11,0.48,24,13,23,13,14,0,14,13,1748,43,256,848,664,60,35,16,13,1035,2813,57,52,9,27,24,1366,86,15,21,0,57,105,13,11,54.2,€12.1M,81.2/81.2
276,Łukasz Fabiański,POL,West Ham,GK,40,13,12,1070.0,0,0,2,0,0.0,0.0,0,0,0,0.00,0.00,0.00,0.00,1.68,74.6,16.7,0.0,,0.00,,,304,67.0,8756,100.0,99.3,41.3,0,4,0,0,0,3,0.25,0,0.00,0,0,1,1,0,0,0,0,488,382,483,5,0,0,2,2,0,258,845,0,0,0,0,0,227,0,2,1,0,0,5,2,1,66.7,€0.9M,64.4/64.4
